study_hours,attendance,previous_score,assignments,sleep_hours,participation,final_score
4.370861069626263,59.25664644193098,54.39381260547483,3,7.725897476848072,7,73.86749475542528
9.556428757689245,77.0950473689179,53.58383394895999,9,4.382199305197238,7,97.70893752105117
7.587945476302646,93.64729179382041,89.84400192865701,5,8.479420905963298,5,95.09752919567597
6.387926357773329,86.61124432047805,53.725040991722835,8,7.969646929299824,7,82.3260766735036
2.4041677639819286,90.32805739307248,54.9572349370747,7,4.7915195005280715,2,68.47292045064982
2.403950683025824,82.93916833553587,81.76690443298801,8,4.258929443664084,4,73.40236994225597
1.5227525095137953,84.61382822589263,64.7356913347797,7,6.786552876571543,7,74.57818263955004
8.795585311974417,92.45978257826596,82.71908063253497,3,4.780179056699884,3,88.91942090454226
6.41003510568888,62.483400442959294,43.59513866604119,2,8.17295476297636,2,54.776416651569065
7.372653200164409,74.47124818215703,66.81641565203614,7,5.791673283358369,10,81.26085031198122
1.185260448662222,61.06047209098011,41.84874801008054,3,8.564462223682877,2,50.06584463841574
9.72918866945795,99.38340039983234,43.445926190044496,3,6.828440860705029,1,78.96014240389941
8.491983767203795,97.20296698433066,89.85405993394261,2,4.913361921198341,5,92.37352686120164
2.9110519961044856,51.9713405684253,47.65849541146773,4,4.697994336799001,6,59.783778056701415
2.636424704863906,85.27875862578442,69.28313752513694,8,6.88236218778877,6,85.42763547578676
2.650640588680904,96.26241587078329,62.61025814303886,1,7.80941805931222,9,72.67781053630532
3.7381801866358395,59.02876725636668,59.10388294423635,1,7.907528238710911,4,59.16262610864351
5.72280788469014,78.39726152763147,89.49083401279998,5,5.3787870222064065,1,84.6690331282341
4.887505167779041,95.77441487940209,41.200286822651925,5,5.021233794560837,6,65.96277555717879
3.6210622617823773,51.69729892928994,76.5084327396574,1,4.083781522461912,5,63.2650097727501
6.506676052501415,84.871013362342,92.98669388174528,6,7.395995756005847,10,100.0
2.2554447458683766,64.86745036862754,70.8092500904013,1,4.382841292167695,6,64.25042669565832
3.629301836816963,96.21980976882652,91.52523541182005,5,6.103806008829629,3,74.49673284311181
4.297256589643226,98.55291225826838,42.87418336073131,9,7.0084108200914805,2,71.63759648079952
5.104629857953324,97.2133244556717,63.033632549078874,5,8.685544724598385,6,80.67322054043655
8.066583652537123,73.71071083287319,54.30867850291281,6,5.559010684778843,1,77.89391159867405
2.7970640394252375,93.10213254946567,80.19515307394013,8,5.248860812232599,7,87.78761254259369
5.628109945722504,92.22746992675351,93.97133997734856,1,7.270800771430492,7,97.48551911958829
6.331731119758382,65.95502366216279,54.10915343443363,2,7.096195160267908,10,74.04352073529515
1.4180537144799796,91.44577370753387,75.97960308107409,9,5.660548916540623,7,78.78115207369389
6.467903667112945,51.85038173577463,50.895369801785705,3,8.640509177548932,10,81.06855513785015
2.5347171131856236,79.81349392410266,71.09316400143854,6,8.224311637448164,1,72.34732855118571
1.5854643368675156,61.50044186438515,65.51628676785849,5,5.119912729325406,4,66.82037413071458
9.539969835279999,56.02834428886394,93.46029312973454,2,5.195712727172616,7,93.37745091568488
9.690688297671034,53.84766008146046,73.46899999830566,7,6.561501734435403,9,90.32404855365425
8.275576133048151,84.81443879390699,59.222850464775036,4,7.867860508653601,5,79.96055449505702
3.741523922560336,66.9937481884033,46.275268168836334,1,4.220201896942322,2,44.53199332552223
1.8790490260574548,86.23833857643808,48.3185755804214,4,7.466675768673533,7,69.28516811789527
7.158097238609412,53.26781703994712,52.39243114731793,6,7.241179486910485,10,87.31276047972182
4.961372443656412,65.76451689153052,53.803166373716394,7,5.1574004795649415,1,76.26056597114946
2.0983441136030097,76.97456461876686,86.78388318126258,7,7.406765066206744,7,86.43532433676559
5.456592191001432,89.53615824194819,70.86725335553888,7,8.700915956260413,6,95.77246365186531
1.3094966900369656,65.9376251466035,68.78650012559015,3,4.2339292248588425,7,58.72201896230874
9.18388361870904,81.29456882185045,46.31228795280696,6,5.598260276460312,10,84.90077503781319
3.3290198344001523,94.29888741180935,87.30768313421892,8,6.190883583331776,3,90.16075069854895
6.962700559185838,80.79315940911523,79.75478667646661,4,8.496301794623449,3,89.18527242242007
3.8053996848046987,61.64797373768169,43.72175990450009,8,8.811307233045785,7,71.8793375601598
5.680612190600297,51.220039077826904,78.93093034763729,2,6.220576232481662,2,71.03010559857728
5.920392514089517,93.50494369504649,69.89460195384554,10,7.750142060710956,1,91.1665936228781
2.6636900997297435,51.063470542519354,44.494894016072806,9,6.658305118822415,9,73.70754025853478
9.726261649881026,93.73508363420997,65.2065352840761,9,6.688914673706883,9,100.0
7.976195410250031,76.4468567013606,66.65829579215259,8,5.390497575331782,7,94.88230327037715
9.455490474077703,96.95338492564481,49.117599708980165,10,5.084781229319398,7,100.0
9.053446153848839,89.93916178868326,92.01339808501552,10,5.440026729620206,3,100.0
6.381099809299767,99.89670552666686,86.74864543143642,1,6.781640036285396,10,92.45529308668105
9.296868115208051,67.53559077258551,76.79622855310096,2,4.145775930110445,2,84.98178133703202
1.7964325184672756,88.35941444655634,65.42625585503339,6,8.53624472178203,7,69.34211009378832
2.763845761772307,70.0965456804621,62.64710478714797,10,4.781418547748881,9,83.59303669016253
1.4070456001948426,73.99378101519544,75.80354069330248,5,5.100443384356932,1,57.07864998256601
3.927972976869379,81.37527316091851,69.9987528173798,9,6.591380882238232,4,82.94769802313257
4.498095607205338,93.68385570931693,43.42502082350371,5,7.550573831686396,6,70.13881207672715
3.442141285965063,99.20417345996475,68.18764568236824,2,4.478645273721987,7,77.63873340080939
8.458637582367365,88.41367069322591,84.35219894780617,10,5.588473487735811,10,100.0
4.210779940242304,70.8883391083667,65.2581932678327,4,8.843373027871785,7,68.46438547861514
3.5284105871864266,71.06785011385351,42.85761176548476,9,5.311714833904729,10,76.26757139693946
5.884264748424236,86.87911507944457,83.24530096612182,1,5.565250725315734,2,75.08407519442868
2.2683180247728636,61.938857288415115,51.075008017478595,1,8.182492453090168,4,59.05414725969689
8.219772826786357,55.52370565656973,54.22414591884213,7,4.251072158452276,5,78.27639656822056
1.6709557931179373,67.73110788203883,49.05884943877628,3,6.323065844044854,1,53.11641242442027
9.881982429404655,64.36194958270409,58.16182856793236,10,5.898083822258352,1,83.4033137298486
7.9502029236699165,64.81540602279951,81.62133281287493,2,5.582933799543255,10,86.25819940362229
2.7884411338075514,61.680387552495496,68.56622227271656,9,5.428497970223823,3,68.0189028747157
1.0496990541124216,52.104659481818096,51.26847007828919,3,4.456870524302046,10,59.359609485707836
8.339152856093508,50.89369673667069,88.28065429836224,2,5.574129146758244,3,89.20012634266067
7.361716094628554,99.38611948680158,88.3770020223341,8,4.215262013578343,8,99.65303211826695
7.561064512368886,71.38865668679311,87.88181337753038,10,7.904819318222176,9,100.0
7.941433120173512,69.21633235798409,53.13379162598466,6,5.991138969790058,1,65.06796140027274
1.6664018656068134,83.9823641346535,64.81816392995435,6,6.219519161599558,2,60.32972616210595
4.226191556898454,60.912694393253204,94.17443108774813,10,8.467972932250657,10,91.5418798010373
2.0428215357261674,97.49805919751127,82.46068619704947,7,7.290274919306103,2,72.79195104762613
8.767930832880342,89.3172507207776,41.49420816740579,7,4.040295516710599,4,74.57843160520015
6.609683141448022,54.47055011561297,43.58625251932706,6,8.715874114806425,2,70.8827440105072
3.9780822236738427,70.87903878924642,65.5162257246783,4,5.185722329888556,7,71.10006921321978
1.5720251525742128,93.95591537810824,90.00711132238581,9,4.538070923799294,9,90.44264117690956
3.79884089544096,97.2366011145705,69.62859888739928,6,7.840640891904411,7,88.76868689806723
3.9266498982407234,73.37007556249348,67.37968794188596,4,6.50238657933359,6,74.7358309102019
7.566455605042576,80.67056946053539,45.80105349761468,3,6.168852830090088,10,84.85504661526866
6.738017242196918,58.35169730460376,76.12290575983617,4,5.247515398413709,1,73.54484703588672
8.98491468318694,99.55843130684883,85.2156738330124,3,6.7373574493115935,10,98.97222822561022
5.249934326457543,61.58358506917217,60.92310041291593,2,5.371923026012937,9,76.92977832130316
2.0763482134447155,97.13658870675629,82.65865180089301,5,8.507915026435338,5,78.50607430986548
7.419203085006955,82.48233244961843,93.04621596454464,2,5.076022398665964,5,84.84240885986993
7.847065437552077,80.38683974394296,51.2071552520229,6,8.421775752278768,6,85.29259696010676
6.051494778125466,75.63442555082543,68.78312971571077,3,6.797027128636785,9,78.67015865473574
7.938704619591049,61.53349058588793,55.79258769465166,6,8.142440669476205,8,83.38218095790224
5.444160367279517,58.82640160027542,83.60699304686116,10,7.564229979304775,8,94.1860286554309
5.704595464437946,61.02431045350877,71.76763512346366,9,7.483475557183743,8,89.81372055331768
4.847869165226946,59.32191310721272,74.9020329652667,1,5.621729038475278,1,59.4223760166745
1.2287721406968566,88.97922367833766,83.88527877887418,6,5.169484657361018,1,68.22192770689826
1.97102284293974,67.5062629583365,61.77837599643502,9,5.054431138403941,8,77.93816202941076
1.2828626711806081,52.89213382816982,90.32995376238738,4,8.285958285297944,5,71.4550641613875
6.727693701374023,98.45513150704056,69.3165876985377,2,8.1021341012951,9,100.0
3.82920382968694,94.18929424817128,48.68751525594414,4,6.202867640061537,2,72.57907389945328
5.577136220482325,96.38761415976064,78.27445149928414,1,4.662023067482273,9,90.90785863641854
9.168098265334837,99.74539113232177,83.629374274104,3,5.911261259887292,8,94.78284208262964
3.2436300623398746,58.69476246097437,57.421892238713966,10,7.096717270684557,9,81.21826211466477
4.693446307320667,69.81210094513294,87.14485913493141,9,6.272015772399764,4,86.34054661938644
7.799960246887438,87.91192378520456,89.83787901211716,10,7.900946342414975,1,98.16715666592818
3.059183489424602,84.8010309026896,55.22974680577949,5,8.988114111256927,1,68.23641038988859
1.6928191884591368,57.69479531699275,94.09368099933721,6,4.9556604422444845,5,77.11666285969552
3.6077630762239123,90.79165624953089,47.73913404268171,3,6.298254098297862,2,65.93231225931198
2.4509915852860398,61.22202859183304,51.11086176213695,5,6.15491950960411,8,59.40983402345812
9.367278871083158,61.19088074113115,50.132366158091436,8,5.522462663744754,10,94.18064218557213
8.273083416079754,76.84872114467068,89.16943405043287,6,4.990477583601448,5,92.04327232528007
6.700633808593811,79.64699674208515,75.9860903778729,4,4.3284605824482965,5,84.02065842082797
8.84314531168946,79.00431039189056,48.36573557722501,2,8.435596586118493,2,75.5273672338026
8.23304869209203,54.574341869887746,64.2177880102592,9,6.099243488431588,7,87.72386957709222
2.6791305299743224,93.87304313151901,73.84139137883912,1,6.4844775925002445,8,78.76583182309919
9.0330309864098,63.2800021294353,44.59052467441608,1,8.58471024100458,10,75.40951876955896
5.854080177240856,56.47574606414021,88.53290026240363,4,7.881452387579739,1,87.4751198985633
8.266961396476564,94.43740399344887,84.19819444928444,7,4.652506320585921,2,86.32667921915493
9.06482169931144,97.78257491148767,67.7863725467151,1,6.827099838038712,10,92.70410063892093
3.8620312747467747,93.10638086327253,93.19196383925437,9,6.211261382597796,4,93.84219721610398
1.9904673207490908,90.4758037362439,62.97685386013048,4,7.986055362893814,5,73.53987794242428
3.051416462877475,82.7620990319511,94.12606754700738,3,7.621162738059747,2,76.80768192327402
4.843970097636307,77.54286853045696,76.73559993419948,1,7.452028609555359,1,70.64016249704062
8.362132893302437,54.34933799557051,74.90692002896678,10,5.702724177399484,9,98.44662979297588
8.74657524930709,70.42266065353493,49.127519241268175,4,8.024818651996274,1,75.10949391045673
1.0625691747807164,68.6344258506157,88.50602670675542,9,4.261956477974306,4,80.85128610200931
5.596725723198092,62.98768918801631,63.51193283563383,10,4.7981245071608365,2,81.16114603738905
4.7566990283390105,86.17100568442925,48.922837318036365,6,5.678116364889559,4,76.7780796873548
2.9989702942365724,74.79378675393855,40.693413598666744,6,4.384037205346407,8,60.09130591922204
2.0787883060031453,54.0523107953824,70.78656260011104,1,5.174971387673458,8,60.40276879253884
4.038536542632651,61.009160097490565,69.0069792167472,10,8.15075491498959,9,83.96876754951818
9.486187335212673,84.16293818297979,79.56444923030372,2,8.741257688950396,5,90.06010459249234
3.908826388186797,53.80654297451501,88.96419291597911,6,5.523011778870952,7,81.03941512738162
5.669115595690295,92.56034570243844,44.36736215536662,2,5.322579019944191,3,64.91036019810392
7.3271706300566,74.75732635069872,80.23230696871994,3,5.3994632612321345,10,93.92863332737977
4.272666421413646,74.0293288663324,50.30765692536702,4,5.388595436754219,4,59.770649026985055
9.746038744488645,79.62038923297588,87.19973792364402,5,4.179650910929865,10,100.0
9.662025654479,91.23404829625746,85.04849326239108,9,8.63458173165554,9,100.0
3.2660406624282774,67.39046039510966,69.74365652420494,4,5.068490707851642,10,75.2210192633878
5.475236553031469,83.90080762795318,79.06335392428213,9,6.100020370407025,10,100.0
3.707904788350927,78.28659819978955,57.28925622510616,10,4.048434413704839,1,68.14183585649161
3.5635644493972087,63.35141350847107,65.91423444130481,3,8.289775454575285,2,69.05064745150612
1.3319825261907952,93.9314993177579,85.19002937407595,8,7.655786722274586,5,76.80520142221093
6.486079005819072,89.8713010803464,65.25958584452677,1,8.733780175868516,3,85.86128600490949
5.524111209059753,82.92259173292128,59.6789045928993,9,7.908077395981995,2,82.06942188873512
1.463308761249904,92.52908645471209,67.1816845987665,9,5.568532560260326,1,68.32226302741194
3.507818178129503,93.36471004799012,85.55370888404701,10,5.239366793642118,10,94.55188808730743
9.174392973699883,85.41814883575174,58.436442605398,2,7.488581537766464,3,87.46364892665694
3.1560570160027517,91.85066641818361,49.55688762246591,4,5.820563875052497,1,59.874035736217536
2.304053848821008,84.87357308346418,79.16077111819294,8,6.831075078763083,1,72.12111134034579
5.405074842498067,84.00703858801502,85.4288016989445,7,4.031287355132351,1,81.74066913634218
9.870854086995406,80.93056891075922,45.535061318794334,1,4.309428508402377,8,75.30709389480657
3.178497443603504,87.63583197788206,53.19307620157696,5,6.676839705908256,3,76.9415862414503
7.049219926652907,57.93025526465368,47.80845943685466,7,6.830358232240826,1,68.0615696751885
7.854576537958458,94.04353795994642,59.136777637019165,4,7.757264722296718,7,94.08783493001744
3.1387378959315972,93.5921763872616,64.7693038397977,1,4.659826598119809,10,74.69069114489805
7.553947137506736,51.462364151727954,81.18544853298187,9,6.565915418783894,3,82.68558460336989
4.3100481944732785,91.29083752823814,75.81311716849208,5,4.972238222158443,8,84.32990965054638
6.690752475342215,56.44349337367226,74.1510712113137,2,4.4659805978134735,4,76.32200018777172
6.7017673968480524,66.7559427129571,59.38062206353099,8,6.052478970302773,4,79.48867788589051
5.821972156672826,87.1754128145804,86.2796154196618,2,4.816683240445286,5,89.23988304024562
1.8126079304896747,58.03799480241541,65.92079420689905,3,5.108909890961593,6,64.93608731935845
8.51772246030314,90.8983512059531,93.85077159083349,10,5.587772899347509,7,100.0
3.8870205847456223,91.6067088978871,74.87781760626552,1,5.296942003715982,4,70.06863328325258
2.678666593598688,75.37338668804182,46.94456078604765,2,4.437956487029732,8,54.948686976045494
1.3669762739928752,50.31929358584168,77.18976591414886,7,4.4495812242985116,6,62.778813485875695
6.318036488694176,64.35190665874563,57.880720848743444,10,4.966247076170841,1,77.44779020733358
7.098079256580542,80.84634591878711,77.74799581773536,2,4.252795939797695,1,79.89935229310525
1.1492904603507053,99.05930890137117,43.83026314893232,6,7.132285098384635,9,59.62771878310362
5.608837524693529,81.59067635083342,49.61847904467777,3,5.43663358254451,10,76.48671690191193
3.0384619767814414,62.99017905320799,87.06554923981824,4,5.398729838845355,6,74.72504889304398
6.806555113685048,81.70028515498056,52.494875636293315,8,5.659991471188826,10,87.49021329211402
2.569297861044923,76.99926898579278,86.03726188836171,3,7.313981371048609,8,84.94110305663756
7.218439642922194,88.99226975755718,55.360184864992576,10,8.353169407417454,7,97.14152084957509
4.480618116704837,55.34903194134792,75.35850505322892,6,7.795434662778192,6,84.2009833072643
9.43056989863061,88.05139512510141,78.1782815430407,1,7.637646151125475,4,90.52480056660575
2.2376884973139393,77.06332893380551,68.1960114229779,7,6.421955928004246,7,79.85684511397434
4.069597159452327,98.14960019294973,56.79208721832022,8,7.469027784837059,9,95.06778181048114
2.021261691165302,67.0936083019343,51.69544070041029,8,6.763811840167916,10,78.25287048065431
9.322242564507064,81.6310946566974,41.82541450093344,3,5.081252640932645,10,79.13394110681124
8.896054180428829,96.60140527550087,56.71705206823981,10,5.042941838705254,7,97.86404353503899
3.3214746494364005,55.12548639953396,75.92395347922056,1,5.481960034376417,1,56.77531577304732
6.939856414307611,96.86142436182256,91.60676501466655,9,8.554013354849065,10,100.0
8.354999801810942,84.39428611504067,87.91624652446785,6,6.737074201898629,9,100.0
5.996807304395161,53.39185295525859,82.13356270944163,9,7.669526885009347,4,81.86019561518535
5.766855205204059,65.04817834734081,83.36460387893143,7,5.732793799082738,3,82.91220792874078
3.1766706181040654,85.40860443226407,76.57416969117975,1,6.038578853326126,4,59.92206454683657
1.837924910253093,53.36753007343859,54.31577716613016,1,4.627827893186257,4,56.00373217946018
9.074941821579941,79.10852300881366,89.89572668882064,6,4.8564747891083515,10,100.0
9.103762514469974,67.29415284764784,76.89027715482086,5,8.136782774130728,2,89.3625252328624
6.697913115459412,81.04577588837385,70.82423470392419,9,6.92419315844441,1,85.21961005334927
4.051268119438307,52.28710169062564,46.10442080674146,2,5.687662329419094,10,67.779927267817
4.142886171513948,93.57684030761882,64.5880549093534,8,8.01425604497773,1,65.45541164771109
7.533601109832154,98.67444845886985,65.31970491610595,5,5.232599528189915,8,92.38085998141135
9.073992339573193,98.44389276428458,87.55099852374684,2,8.88016349300102,2,96.22686939861465
8.983777818386056,87.48259158714623,70.06565211032836,10,5.724088038730849,10,100.0
8.018879912718614,56.5043120065316,60.922030193372535,6,5.686554770756138,5,88.82311580640342
6.77828481538859,87.91315979645113,93.72401806808627,10,5.559559527683526,4,96.03946295251342
1.7572596849554394,51.229345822940076,46.089632632947364,8,4.61055757962144,8,64.28002539793266
2.454658426851524,51.106177576449866,63.240163557156954,4,4.555685736660062,2,57.01152659986245
9.086987696743714,66.18051095747705,42.31135713442729,2,7.240525172670617,10,87.16318726199815
6.457861536936309,74.43215952023328,80.69472664218117,5,8.375590222790235,9,89.56442361453337
1.0827734645496667,88.52037089038966,90.49421037095328,2,7.952602551358368,7,72.73914480181963
1.913243885794289,84.16476883032526,55.40205312527692,2,4.7055379701067555,7,67.75752996630484
6.971515921972502,72.29513531883742,87.20879222395165,6,6.727910608960332,1,88.56592602462081
1.0455542546159682,63.68133331408329,56.07200267540438,10,4.5279577298832,2,52.88546802525966
2.4472724627574878,99.85622500788556,90.09235889041534,9,4.2264732180653874,4,83.66814739763826
5.938604104299275,71.30906511179865,81.46790469782312,4,7.2819292969238365,4,84.17068780124971
7.227056779234239,72.56935121648377,84.26987272627912,6,6.675761668401751,3,92.78254637215603
6.867651335523405,58.181191059583455,40.990360558024996,7,4.4101184260573545,7,69.40884312686741
3.018423785145038,89.74047743749647,92.95456963907142,6,4.174696232029942,8,72.22790637142947
7.409612992127823,84.68411128907442,79.96690456386779,8,8.948782067046674,2,97.35318139173764
3.135241787471201,61.03848063943802,56.76131024623733,4,4.15010666074536,4,53.380307319481645
3.9285972834334095,54.11905228079213,85.61670656723658,1,6.2226412652507985,3,56.517349493669805
7.718422646062217,84.02496510373565,55.483665912821145,7,6.523095123038478,2,68.84225778172573
6.846696091424932,82.72556071405677,88.00146117613704,3,4.586400739002225,6,92.37829490442789
8.6430106944476,63.662976349910466,46.19192147265654,6,4.845308892198581,4,77.3003448304736
6.91851603070309,97.54317811252051,78.70272876034377,2,5.759025032051762,6,87.51804081485024
6.114777430019244,57.55289458904501,69.73841621547007,9,7.808379381068313,2,87.79450280861562
1.8430729104528323,71.6167400521301,45.30939586074925,1,6.535412120301333,4,55.31372783106995
4.309442227534902,97.18079600837994,53.30416055423615,6,7.189509372764808,6,87.35099146505674
3.386821309135529,70.98636584630611,40.68222199525231,6,8.925872775453374,5,59.10802850193983
3.195906790411752,81.92629738320429,65.78223810054783,5,7.840027176566048,3,71.86035210902429
9.75709499277201,69.87971989813971,56.569589341800025,5,6.1718074907060885,8,81.72881183844697
4.537879522000844,63.7107601174335,72.90966163637674,1,6.2322096089827435,7,70.04500811779818
9.02841899659402,99.19888239799141,56.34807942397394,10,7.093860385205025,3,96.05758650404242
6.680247633975366,70.46670031575215,56.49555113288416,5,7.326826042094522,6,82.59075510578347
8.153301731874835,94.70496018395673,80.87562593023819,2,6.503554629183356,4,90.9739883520899
5.523733837946729,61.49773029455431,42.64785597880944,7,7.224306114074899,5,73.71372548553656
6.192134961637232,60.655235201254165,89.65922473555929,3,4.117662472070494,5,83.25580548043595
5.432659244369775,51.55670414422557,86.87451309151498,4,6.14811431948422,7,90.9159910575959
2.7571868901824006,82.58334126879424,76.72925757745236,3,5.394690380367384,5,70.09084324379084
7.502069037353548,68.42631718618806,72.62718635590613,3,4.645872226215552,3,73.07306035605846
3.526951261967702,93.21791249198185,89.07663739768087,4,4.497732564043876,10,88.79030563871278
1.2188436978830846,73.66049533457786,50.19315987407929,5,7.015960828073338,5,56.14382157559709
6.80925066316451,98.40967139573608,44.34330392049557,1,6.618002735763058,7,84.47813278854674
2.5939961146634403,59.27627578515606,53.1730593450246,4,5.267920584981846,5,57.06345845129363
9.464127259176228,93.43115839778054,83.70180532851046,8,6.354750293862573,5,100.0
9.585357193023286,88.82984263958708,41.90686466995658,10,6.461161575912041,9,95.53551784360789
9.233779511984036,88.5460922322026,72.05437592959193,7,4.975044902193079,3,97.72402518891121
4.331428302298999,92.23916140584438,94.74906339052205,9,7.260465309408254,6,96.38797783829165
1.1391095487598069,88.05119954714993,87.06328516106467,5,7.904596781930453,1,69.29854102071808
9.354867063289529,81.31101608157077,68.67951289739742,10,7.957317704447595,10,100.0
4.8536573348558285,56.56224388411938,43.50025001076533,4,7.012349153517276,5,58.65812042957373
9.699893371393026,51.6263089745626,85.72554329121404,8,6.55819291259507,8,100.0
9.672579793803276,96.04239239078434,72.94381794974657,9,4.305035715026975,5,100.0
8.677085099206241,80.8325157260369,46.32131483827617,7,5.439156494258029,9,81.03432536469727
3.6500400286262713,89.82686454880881,45.16215066528459,7,4.466357233890849,6,73.7812486968511
4.465879557417328,74.0761175756275,90.02947506901259,5,8.819115804392368,8,84.07056176730339
8.660230043651712,55.86540944811972,76.80601446159432,4,4.6754007311288035,10,93.61846218984189
3.852298046406499,56.259289610127524,85.61077396242155,10,4.75887704925551,8,80.13110941825953
2.5254347201748324,84.27826436144858,88.3438395155247,1,8.44788309165246,3,76.57794233221703
6.0112113621251515,71.51529474497313,71.44747936265773,10,8.719641417382288,7,98.56788229840481
9.425392967447028,60.02623633501683,68.45954934652727,10,7.829145196174549,7,100.0
7.264268170074757,74.57972733707184,63.67350756765446,7,4.027024618363349,10,90.50707185272516
6.1305505308042845,53.21044685375671,57.43206232851156,1,4.0067313547828185,6,63.34571176096539
1.8745884439369167,79.09857009571994,63.902777847229146,1,5.890503848937254,7,60.67278606953397
6.535065040292528,63.449670221754886,82.56338106515861,5,4.716976850054463,2,86.33694635326181
9.91048465093837,89.87795503185941,73.10578870583224,9,4.091930710757986,9,100.0
2.260756137128716,65.51809794617868,89.08878094751654,6,6.320333447022524,10,76.47786930873414
5.664966871273631,72.76100745409006,64.38590079085532,3,8.715309487034858,10,86.26237191634178
8.8963576473516,50.58102699540503,73.38992682953148,3,5.619097874512157,1,72.35921793982175
7.66691755978784,53.62234438972794,74.72191542005939,7,7.305703392143482,1,76.81439507862915
7.273141668957412,69.62467782033424,72.54334392684791,6,7.261176765662204,3,77.25892029116592
7.322356755883983,73.99694173585618,78.64485751970341,9,5.255400518325839,3,87.93285715453543
4.2354203609777965,80.00102740596519,53.058840760614345,6,7.252126244119322,1,68.31566332527657
3.64232659838044,64.58312893546517,68.18000776501849,5,5.061669871434456,7,73.11289325650202
8.284250399306622,84.74909430632712,45.73236415445912,10,4.610037067884445,4,91.2129205179442
8.291020552112627,93.00611985946023,61.148123020464695,7,7.50691642779845,10,100.0
8.803650867220934,88.99254944466749,66.82168877416954,1,4.567204085519584,2,79.5595240215427
9.219164973008242,51.980941267417855,75.87233427500098,7,8.984546092946776,10,97.7016149431777
5.60208158974844,74.02534736289145,92.2792078922412,3,4.917262005751146,5,85.57835372257968
5.513646652184796,55.246508920908745,73.03580866015957,9,6.9707093137822875,6,89.94866034626256
8.184656610700976,62.10225079312637,80.8976653897108,6,6.056872857062947,9,94.88215927126224
6.849675376999887,99.33312966335733,67.84463327223615,9,4.631932112028336,4,89.71420803309793
7.31770189531933,57.12477714507566,74.87572172569821,5,4.139219537887067,2,71.51569210868062
8.16213402492491,74.9444076725678,43.90127188735754,7,7.113661411464166,5,74.97558424289485
9.010048076358096,80.90778671590596,53.991536946301586,4,8.03378781894563,3,87.11926501841957
4.041956411663822,85.12324852720519,59.90192012628263,7,8.21007830753372,2,78.37232433672321
4.380246573759496,77.98243417434571,65.98713452535824,1,6.413567365384672,1,67.73223033965829
1.845837458567821,50.48854237095918,42.5106810026311,7,7.887277335911928,10,62.78236642351579
6.204521268965566,66.3230654121996,47.701325365432474,8,7.364235667442724,2,80.68870343474946
1.3234804641706788,75.88558216923558,55.224786928521816,5,7.621272637495666,6,62.171192524375144
5.190382163192141,54.39332495724167,93.43429799955778,2,6.462995026109071,8,85.71082324087715
5.883801712368189,67.53134656045904,58.224085390667796,5,7.167058701210635,3,72.98601589021598
3.5788712691545594,51.66015543956833,66.51225819616454,6,8.027629567880286,9,71.71681878049694
6.317499345121097,53.928924857751035,50.785374200611614,2,5.989420877785115,9,72.96168263438904
1.2745022494514449,69.8461638100798,73.59290390916726,6,8.029894504337918,2,68.52063916684072
1.3361336987429298,56.63578770215302,55.43757685337859,6,6.960084213945314,8,64.9154479307295
8.403405045936925,78.3770424130779,51.38459181411347,1,4.8295051218539315,10,81.52498010815488
4.241715772701366,84.47324845686329,68.41149456452885,1,4.123420786122923,5,69.22143790744379
2.143544613866963,90.02933495545415,40.30281895382315,10,5.8137680019957605,4,80.59958218065047
5.700189340493239,60.007512212240506,40.42152179570739,3,6.733481641481699,10,75.40474357049999
7.9299419778874976,58.37412911295349,52.04878450060218,10,8.199101761017442,5,89.41366902305663
2.9423892474715885,55.228392016720015,42.01967493754516,10,4.637428400701231,4,62.337576166453744
6.606014282371002,81.82151247718184,45.94141647718803,3,8.001031738417897,8,83.48973447482551
1.768127184943912,85.32378632434506,58.63733571363134,4,8.315045230336136,4,68.86341474798236
1.4651354905174694,51.5793072412821,84.14221237688972,2,4.753437435004169,10,66.62446881265866
5.782191684113332,96.81061231218449,71.46267538531154,9,8.257971596521095,6,94.00131448543668
5.865716094490959,52.59856418257362,68.1967249276029,10,8.95726783921396,2,80.56832420467781
6.736869113483859,77.06481676505352,56.141885276446686,7,7.634194155241188,5,67.40853685432221
7.534822003503954,85.45302597254582,91.2464545688049,7,7.92384840912494,6,100.0
9.782668715162812,93.54845618730428,61.83582726804554,6,8.972076337794366,5,95.907355673373
5.646703134710758,85.70434660662139,44.79010217376743,3,7.027406252629727,2,75.93348806065038
3.9066082564712135,90.08640415348958,73.93865838647906,6,5.539431910081247,7,83.15610850719374
8.156675752918332,66.97250962714031,46.26111164121308,8,8.187654170380277,4,76.44738081267012
3.437490261358668,90.7412556873256,58.987272854093064,8,7.072428887558156,8,82.06635832175753
4.950742786350725,54.00574231923376,67.90765662947949,9,6.905977118604783,7,75.6967154524707
1.7061074320803935,94.74083280302638,88.08223885768467,1,5.268177777570191,7,77.16752895331993
1.2281566907391177,77.37961880768681,67.14506191870653,1,7.781671347914433,9,68.0665546152982
9.663835732101326,90.86488849812469,78.62423213174154,3,4.408336379300481,1,94.12374510178651
8.523821084609853,72.615914225915,94.60492614494888,3,8.621435353973306,10,98.00419235654091
7.263767854843282,82.17888475982625,47.23190159438899,10,5.629117303852423,6,86.86634809751571
4.680576499728429,76.32013304680567,55.11023390357357,8,4.638873263949952,6,69.42410891395423
2.559648880637612,86.5794760877666,61.70168415787055,10,6.211832665512095,6,82.83871169424484
2.4079333840397745,54.08149910152948,63.200549819635725,1,4.212349546282666,6,58.371072812857484
3.252186083481358,53.01760419952819,62.60615913960501,2,7.423130971324832,10,69.82527107565056
5.943039982355084,62.355161700507324,89.91860514061052,2,8.51352755222678,7,84.81104488041724
7.431363304300561,57.97723400565942,79.2717954456771,3,8.186315035692544,10,91.29370630994002
6.941776390459581,93.58917832961009,73.43478677498871,6,4.6368473672394055,6,98.7833420338097
3.5194050725134858,60.960699367902215,57.015499482453016,1,4.63135568553866,1,51.65969927870315
9.593787525968747,98.79326279095656,85.3084711321712,2,8.067172411621321,3,98.69804150207703
7.641072250261916,66.84478958855534,92.52832813167439,1,8.62127137301558,2,79.10996887111915
5.989186472602606,59.10589578443496,85.16590554026246,5,6.303349149167445,6,79.2141446441842
6.5054867161091705,89.48492535712396,40.08608078553101,7,6.49485558456883,8,83.00174181257971
4.776400561850109,82.9353887750438,75.00207536008739,8,5.591310206928629,3,88.02475319578002
3.229578905510417,74.90978582265694,42.81244597931554,10,8.47132559128207,10,77.59046073498013
4.2037541078613545,77.76817754688156,54.168397118354704,1,7.22451452646178,8,68.15717758162977
7.820614994179322,85.96008891361319,43.273858519127444,7,5.441257885836842,8,83.60454935595082
1.1295413976678028,61.422737066564935,73.20874991221632,5,5.493914355271258,5,60.68750192997
2.0446537645622462,99.8166958028371,77.76244524209338,10,8.456000365318012,8,92.83584872299082
1.4140237781957747,98.73965810733915,46.29682009362478,1,4.068170119529107,6,50.41275478782667
1.3665592208707311,82.51628431734684,61.11113856747387,3,5.6136328636331925,5,68.63597798753159
8.699145256099065,59.97712254645725,65.09300799255482,7,6.771783406081845,9,88.61894111774025
7.332920734420213,84.01141212156458,60.29791619685041,10,4.741087310496623,7,95.85649064023677
5.267564461785927,53.60992044895879,46.656375026685616,1,4.460493770997949,8,54.74540554096602
1.8805074458590134,51.532625110290304,63.04212846031115,7,8.0763816554528,1,63.71000588444241
5.4245428760514915,62.884144425560685,81.314792629463,5,8.472021943242536,2,82.18658713717173
5.261245937025091,73.13114783696582,43.90542154932905,1,8.118032103990947,8,70.57246477660233
2.5588168291901368,93.41362527041903,44.40990077450469,1,8.493939448686739,9,62.39511891593959
4.904664843141758,86.3584534883154,59.51242105097913,1,6.765559855291857,4,71.44625607262905
4.586542609576361,87.13532605999904,91.79491413904088,9,8.06129060495171,10,95.31768897367292
6.542650882469948,71.27466672240377,76.77149556976028,3,5.9202131919555026,10,85.47303969390146
6.715842857808794,67.29674962734815,77.32684761699107,5,7.331339307395193,9,94.81451745838211
1.4077360879484007,68.55193814923014,59.90559949608257,10,8.944177656945822,4,75.05583991708117
4.371513531638241,99.3824781868029,72.65134351646961,9,5.1286386191956375,10,94.09268370427762
6.632739241428127,52.005459570624126,40.557215121525886,6,5.949498731455403,10,69.17007376131568
5.528226327220789,93.35157480612243,74.98528255252482,9,6.400236886550428,10,100.0
8.7084085706949,78.93377042861967,90.23078211669302,8,4.6900774351002585,9,100.0
6.928242684570505,71.93077095947953,73.69154075896506,8,4.405193052325284,7,77.76307512039234
2.466409843732867,86.26288302075682,88.05342264064898,1,8.148614331608123,2,75.74541167380566
1.6351187266038685,74.33344707123514,79.81851805063516,9,8.88397186413793,9,84.48800696013217
6.78177350385684,93.67116190408302,46.630712902202966,6,6.023625319148294,4,85.91974206242597
1.2386017948745964,95.03509320056293,89.63493190072128,9,4.4382491809732665,8,80.90870143677621
6.2719802314611695,71.08604634367276,43.65441143956762,3,4.329058803452883,7,53.21203602162324
9.462072172824618,63.841389861752575,69.36821099012701,3,8.456591031801494,7,91.37744815398388
6.179267600882911,79.61751642966811,47.81754180864017,6,6.3190712486384,8,81.55521117513807
4.493529335858697,95.61816728083454,40.64386359019972,9,5.60013658281196,1,63.45726052913433
6.789593965981179,60.53310945028333,63.21188430702014,7,6.382306356196997,5,75.61602739483537
5.12427601442365,81.14832917817414,56.22723892097859,3,5.5915204734617365,2,81.60705315221824
5.910551103843415,81.57801100462603,66.73002715886817,3,6.4451788765381,2,73.29879137405969
9.473183278988726,86.65565112076405,71.74599377040029,2,8.297781984589683,1,91.34713730326806
4.474923740206968,56.57838425636299,42.405648976992104,9,6.961506855310478,5,65.61955214512744
9.650715074415228,85.79124823410443,46.76518123180601,3,7.473268864050877,2,70.689525082689
9.148155777604574,95.45162603328205,70.72533180477339,5,5.823353381171683,4,93.33330211999707
2.762120213103668,58.984155443512094,58.8742044244962,9,7.6925293925525935,3,67.10287763988477
1.624251707876489,61.87716624619388,80.10454181521965,8,7.333085424396861,3,69.3123305515598
1.9070020123968399,98.56975470208198,75.87604067255668,2,4.597809988760282,2,66.34466475933418
1.1639964308639477,59.04884763547449,86.50823996444487,3,6.863214265577923,6,68.41664081282227
1.8499866468033557,92.71925466847895,78.0871054668074,2,5.2837174815487895,2,65.99339324619216
7.147060960747211,74.61389282240174,63.64620925645815,8,8.020478348167964,8,85.67127683603357
1.6406978361420608,62.36155372015885,77.01316423169378,6,6.129688542334698,8,74.62770191970311
3.8707806726438516,93.53749506362557,55.145964584048016,6,8.973420825982437,5,68.52436543762506
8.60387779872509,72.26526275013327,56.84724243280169,9,4.462502189694819,10,83.48519883846299
1.209447421622433,75.74086769648451,83.39418379564364,8,7.9017393137007925,7,83.74916530467233
8.330216343300421,67.96166846998828,64.55307340208702,4,7.368508667710782,4,85.27825186651637
3.5366929729605996,79.64754257174637,83.91091872850939,4,7.837494152953527,1,74.64130344438003
2.0634834485949063,58.17619362925114,85.23323055175531,9,5.537648977452282,2,65.02653589988878
7.270634488277356,69.55407683258804,87.16592857137061,1,6.460272446912003,10,86.12921541650041
6.660485621018956,98.47061611676438,90.4149379712664,2,7.982542598618542,10,97.91314804237722
8.897248121743477,62.90667163505638,63.7041871282313,2,5.162706658104275,4,69.69811458410918
7.615639394234972,82.8368332270646,57.537675007662635,6,5.130165983943261,1,75.32933543598008
8.231328373463636,66.25950321123474,72.02093106267625,4,6.755254766474662,8,92.08309325249434
3.538311153141758,88.67365628433004,60.414483289069516,10,6.617817897649279,9,93.48276140077746
2.5969558940175053,56.54368303591749,73.05907917401282,3,5.411312352064664,4,60.11160474070829
7.755532764767725,98.49105225392724,78.80722244541036,3,5.490378252624113,10,100.0
8.261512653405376,72.68947706918196,77.86227601706753,3,5.389225816032828,3,74.12762929658075
9.91454627800606,61.8025231673232,60.60040878610667,6,7.857560309992438,2,88.95922921654682
4.713559092202838,53.67483736650063,49.177311093431406,8,7.259504327812303,5,66.01120775510957
4.348162772135049,58.48789525437704,63.679113615421414,7,8.162085917051265,3,73.75296589598801
7.987716646677971,75.98869742780089,47.84267792450498,4,8.87736514157011,10,85.34386462093244
4.06723186227716,66.85015882156432,88.95533693510946,4,6.370821481359933,7,87.42149474978997
9.376815930432082,91.44416829413046,59.023260340582155,10,4.333469407027244,6,93.81092214936027
8.725714766587107,71.5443761830903,48.49528609728281,2,4.240461552060177,1,72.61508151945222
4.860946246375165,62.435713629381496,41.3996267948163,1,5.478325196358096,8,59.862424404532
7.757839610123476,80.8572493302015,75.52023124575663,9,8.662722946762255,2,93.69110765564956
7.7908858667621415,85.33886084427229,75.02962746001089,2,6.616065274854375,5,85.66453823141663
1.9281148195233935,58.35209539504749,58.73322916197104,8,5.358932580400646,9,64.85956557195199
9.1229761601161,58.380960814415886,43.9441538866208,9,5.995833972555098,8,86.3699616872913
5.547271352030714,51.83357134667715,62.529589219237764,4,6.992975537023354,2,66.56529754590889
8.438117194969674,86.82010075328202,57.11696222848664,8,7.264748290689211,9,98.2812630859227
3.880446409275506,83.19022638109026,77.24163518542551,9,4.7695975489145255,5,84.16559141537684
9.059709056465804,73.7315437874907,73.31785871989797,10,8.88515838272588,10,100.0
4.502815108607468,92.20852244845986,60.0526550508647,10,6.723861134913944,6,91.12040942089081
1.0975388633226852,90.28350764750266,51.984090484024456,5,4.678441588961396,3,54.58325015107467
9.148437787773373,79.2677182198376,94.34197813855755,7,8.46817626673067,3,100.0
1.821580091075202,93.41356402566294,64.97008916578632,10,4.373192155397144,10,76.99917250751443
3.873822738313734,60.292060501838414,77.85508296791303,4,8.538677165887563,8,81.0217189857466
9.550557703457244,55.5959809698864,47.73041321680984,1,8.982828281444913,10,84.83783518368604
9.555464322438006,63.48748057584948,66.70743348126688,3,7.502158995782519,10,82.3314393671898
6.160940993109575,52.854342804465745,41.514519592820605,5,7.852236105369949,2,64.44362287594936
6.686534909528193,76.5584764000516,67.80003148507475,3,5.686514182337432,2,73.17326846390951
5.036009697804878,96.83028461474808,93.02095739147363,7,8.70788426366967,5,93.28699330811021
3.638896945282581,51.967177033425486,61.13136921421901,9,6.648569830541838,6,79.40729580321764
3.957980908329244,56.105495700501336,42.144780691620134,6,7.661942232987775,2,56.44453642198079
7.052666104693346,72.60995141417176,41.70256850056389,10,8.620538579556397,5,79.49503907678648
7.77137076493912,96.69375087639524,61.33927179707782,1,8.875899879877542,7,88.11066972279642
8.124211393532637,65.80780524883752,48.80137150547567,7,8.166021782983371,10,91.99903603419921
8.106563285150985,75.36174043441963,41.284365298050226,3,5.51508753491015,10,78.91649742323496
1.8208549274382133,52.0786429525196,81.59174876725973,5,8.832737582760412,8,78.80392790009212
5.449782742323233,57.41716004810444,65.21876548850399,10,7.140597656217858,7,86.72568212601053
1.5180288401497986,99.33150614794235,55.908462458496,4,8.653212381759799,8,62.31708070101123
5.94575994091362,98.25593482180227,89.50457506590644,10,7.380525129071759,9,100.0
4.973774512360393,50.24699904672048,46.38764281102891,5,5.536194809238602,5,59.945732595101525
8.989337644824698,97.59058927116195,92.57553559254256,5,5.85012262071408,5,100.0
4.158235112968708,81.95599689077503,57.2681694557544,6,6.7523588855147025,10,67.63583747475806
2.053603147848453,93.39591472600111,88.86220197697747,10,7.95007420779941,4,100.0
2.2869251384755227,72.73699278169295,73.16185820637038,10,5.589912756701675,9,84.69671721425216
7.85359568545725,75.77980142896251,85.4689047857818,6,6.89865583067096,5,95.06289393889543
6.56396256984635,74.44232901284602,94.12072397657553,8,5.728124967882008,2,97.28068690452973
1.9101040851051123,83.34321287730522,55.862299080031015,8,8.078847023175536,10,89.91503743989115
1.756961255034977,56.98256273781564,92.86245169741761,9,6.333640468839752,8,85.80575623543676
7.30872218313208,51.4986794936339,61.42150421963312,8,4.383614134264426,7,85.82604251629883
1.6548670572777417,65.39649707955954,61.20315476053072,2,4.830262607407682,8,60.81854233763846
8.396740533613206,85.23403813683234,58.72129073399781,10,4.305523338098162,3,89.24907746321034
7.3561800444084655,60.09267260614742,69.77741840411718,1,6.496514730071626,4,71.93134223625037
1.7321390257770979,83.67162166624587,48.47797737481679,10,4.531686486741136,5,64.48274110324706
1.7635394267667273,98.49560230536352,70.45413169469062,2,4.570699846548161,6,65.90909429783345
9.87975620651058,54.69503578947092,69.79376468255022,2,8.705241300191886,1,73.89330668426902
4.368437161805083,83.63010591125632,81.90459969326784,3,8.363275360880277,4,79.96336596332823
4.335779323602019,72.18751096522855,85.85074790656721,10,6.2604329840568305,10,85.93907257733662
8.315196105317522,93.40711271887527,64.22427426718332,7,8.929026604251028,5,97.15947171415513
9.525237196454729,58.857489472369295,56.628328714332156,2,4.000932640853316,7,78.32927860811438
9.874009574405838,84.63129761130823,54.263419352440195,1,7.069897281366969,5,85.07662367269904
7.780403667330475,91.90576448240552,50.70431101876795,6,7.08214088685935,1,78.73564401592097
4.386336269778242,97.23071097370116,43.170617020946366,9,6.287215279349441,7,96.1479196403432
1.7515064502880189,84.16240141448229,58.83463883590923,3,5.9847398646714645,8,73.77256266262587
7.994322243346931,74.85873820042136,54.863623067193075,6,6.2769156774030375,7,79.35412253064314
6.025638247622245,80.8923620100607,93.1529562226524,3,6.074802180398402,4,87.44268254084314
4.817998083222786,93.44524922393592,70.67398544375241,1,7.6524623874114965,8,78.26363313369055
9.157189465852625,78.53048733194149,59.10023714667791,5,4.67677717486642,5,80.89365177320985
2.000777340755362,51.519352984841845,71.92571805465329,10,4.9881961029556505,10,69.34400733494117
5.433625938617732,96.54743477534889,47.65581857401325,4,4.902591141962118,9,80.98094760635344
1.1021828029067717,84.47633755157806,64.42240620612117,7,5.312352925606323,10,71.37892671901568
5.217945777947136,83.82566928886233,74.44288767815851,6,6.626292093907916,5,89.13068755744641
1.5067294811365362,60.78375761988586,66.88938074858483,10,4.556043736691094,1,68.85236591972905
2.0693612464126474,82.94427351163286,62.09783403598783,7,8.340846476632521,9,85.18881243243166
2.057736220993944,69.69322028270793,94.6616613894834,5,5.486807656542362,5,71.45296904614985
6.842892719044572,82.5616488520746,88.41731191819099,4,4.8126899373435394,6,92.5046675323228
7.71440391338881,55.32965151539953,74.2873276987692,7,7.378106547991217,4,88.81656694478826
6.250318885874437,82.89226523015179,71.31575486502555,7,4.190431502996597,6,83.954077795397
9.659552936270877,99.97068628853333,74.13632639035212,6,7.099842824370821,8,100.0
4.373835215713337,52.4106019430278,51.07216593023383,8,7.490992153382499,3,75.23800969074115
3.571408776536747,98.85870921106587,61.73257587953752,4,5.074582656933596,5,75.24736722580872
8.817392153705143,70.34539803614354,42.17027430899946,10,4.209820367218171,2,83.58778109907799
3.0123625466750736,93.53767251686295,66.15503206177547,5,5.818226794597248,2,67.18361372631999
9.669002854965502,89.11927420291367,69.86635211767148,4,4.492971151209682,7,88.53659917540867
1.109390272208347,78.3508130493334,52.52623548567653,1,4.5823892483666855,10,56.53519687485131
9.728909440368751,86.92246046256633,93.02158659410325,8,5.271306157224323,10,100.0
1.388439207555185,93.92577806506739,90.02000360154831,1,5.477339623133797,10,72.81000298852136
9.02028802328264,70.20701608255165,79.71787795007482,5,6.649851705107103,6,93.81450303486723
5.749309981776698,66.35165807816193,69.33626458209494,6,7.391959427515065,4,70.85297055577635
9.936683165073703,83.37966927817924,87.84830378062267,6,6.963854704350924,5,97.7654907299854
1.6641690826185898,90.39229709706294,47.18587891029046,5,4.741801686447584,1,60.90199706855512
5.984688559611887,88.11425673883079,83.47803868511868,3,4.860430162263132,7,89.97932616698749
9.72372282057189,89.89068244293173,46.865144768176656,5,8.393846248964572,8,91.58110216334066
5.707880597531339,71.77916574064665,83.6815864402173,8,6.791761575320568,9,88.85992851176754
6.664587743217362,90.89171080875107,55.167216253824634,2,8.349689164488446,8,77.83788802753688
7.261738200861554,56.01045276853042,88.23998195600039,6,5.857732556599371,5,85.6632128062102
5.090869582909959,77.22445489804248,91.92231516039688,9,7.072000037156619,3,94.14612527476247
6.648022720756571,50.28793302490608,48.18377831728136,8,6.618317080273053,10,84.63991936653939
6.258828807307902,66.22929149501351,65.44715827859665,8,5.595617449102313,9,84.15327346487837
9.110422094418901,68.32307674356989,93.95430579894767,8,6.349576860167977,6,97.07815722902491
1.409017423073121,69.80863458046277,66.58740897852306,7,6.51245438413466,5,69.33647663028444
3.528668706330073,84.7733603344931,87.49511373829998,8,5.003854873783393,3,78.88881603167263
9.553703356689029,69.42790506351729,72.3802337172226,6,5.575051861883658,6,90.53495680455195
9.012374055018247,72.43468113112652,60.64314493557811,2,7.957048752534877,3,87.55432238000876
5.100910775071417,61.87720654371637,55.718095553922865,2,8.578941197270636,10,77.98788574511582
6.581193380213831,68.662589581467,51.1772700097348,8,5.798970467726497,6,80.61011406839917
3.496430646830194,61.363481363157575,81.89890052577334,1,5.534861411045091,4,59.97004387078213
2.6930904375138516,53.659796188422185,61.259727875266535,6,4.975985822859412,2,60.3680937762031
5.173285644459839,80.17242966906889,68.12015042104132,6,7.392455843252906,8,90.71075929520173
4.180170052234475,83.41063992775082,67.077901400065,4,5.615498508331687,4,71.40776580816788
6.252905006657849,80.97451730048073,71.75034660782222,10,8.938747695495943,9,100.0
1.6996117326848634,73.17470219002863,87.60674300935037,3,5.628424010319766,7,79.04702125674517
9.769553268995498,68.98928900896149,93.94066389708863,3,5.970680233913141,2,100.0
9.875896700316426,93.16668247859127,62.41713147155993,1,7.016670981060174,4,89.60824334936
7.2834554261777065,75.9540892568109,85.51354071584666,3,8.008421465956525,5,92.21400780826876
5.824867297097083,73.95909388148655,82.04902870600947,4,6.347593326728168,3,87.70006517714981
3.78574854657695,51.282103290321785,71.54409233005653,5,6.113280168944792,9,75.86845363212075
8.324155177362538,67.06239138130782,92.58259289865632,3,8.97818916797404,5,91.11398952096725
7.162580552984913,69.00978093929285,51.02609835406216,6,4.052468205699722,2,69.80907534076013
2.463552454104022,69.94113904484502,46.00953156702918,5,8.475326444256229,3,61.74737938510846
9.198344660444583,79.00861846136661,86.96790818254823,3,4.745704129698687,9,91.37885348053487
8.402835186308522,76.68012733634393,64.15323991485616,6,7.929626381044567,7,91.44550316743482
9.548199219627316,80.39525463967223,86.58328698138833,6,7.08965779923149,2,100.0
7.531475575495239,88.2441630771064,89.11996128574782,8,5.709236427490461,9,93.40042111743813
6.520736763422109,90.64928693580467,43.43516764904893,2,8.369374777605092,4,81.26862598796228
4.76418732661557,85.90615381132471,88.59056196423333,1,4.06453613990496,9,88.75220435358031
9.39455635018612,97.77618479774674,64.65754804531822,4,5.133453260374618,2,86.49248724707866
8.794575005503674,50.91162913381808,68.07378689523277,7,6.83446398124768,10,94.98887583390373
1.4069680309557047,59.788899284177305,74.46258811012656,10,5.75771130024849,4,70.80348468723585
1.2373027704752682,50.37814374890711,90.95104337015476,3,7.051887476591638,5,71.84114874699179
4.388170301902447,82.37373570773015,41.051385193637024,3,4.120550967043334,2,64.05989633130588
8.294979977036496,94.90152744749935,66.22639075747995,5,4.582294652408563,10,88.87149959459582
9.8854851638345,62.174114828814965,77.82471233368084,5,4.635481201092196,1,88.7104267839086
2.3537520199317536,96.35172723981533,79.74888267340256,10,4.946418229580047,7,86.3795757668038
6.347176438169216,53.01336951447804,78.08928373454094,3,6.296657204002714,10,82.8369410568097
4.428017709679194,96.72180134027572,47.3939321174467,9,7.760643497717856,1,72.87216369808164
9.72922958033143,67.58113436198173,56.46675736044247,4,8.527694189644507,8,98.71471694289326
8.579070308221379,55.07104142246082,59.72935389793574,3,8.176862651421231,3,81.88741689549096
8.54495834240024,74.29358795931628,84.24404642237278,2,4.984439358878418,10,89.97927180387384
5.218238438154732,62.8388283860254,55.331792982800415,10,6.205752761153162,6,72.4632496815527
4.733375521038987,64.24364509809614,51.58877301269617,9,4.997057988792675,7,73.28580322598809
3.4606636473763563,65.36449824631433,92.65964104709529,4,5.322359083335954,10,84.64886218398348
1.507379469858344,90.15129489163317,40.48748068124079,3,6.517734907559431,1,54.649344498208144
8.782501386295479,76.95806383376272,94.8801470625088,7,4.340545123617613,6,100.0
8.316109082170698,65.56538495780018,77.22517143715676,8,5.090871647966366,7,97.80895374783763
9.997459059575176,80.51668916554593,85.56581146970143,2,8.676890806535585,6,100.0
9.969731533665149,85.80753371115968,56.204066799040625,7,6.330581463292445,4,94.29735987479422
5.998885350423647,63.63120003667669,40.7873402716883,5,6.226932629889361,1,56.16046413436543
7.9208867366245945,70.67745507626758,80.58282352088415,5,4.0728357737563945,9,91.030355329272
9.502891568941852,56.09430466684738,85.87795283503718,3,5.236998735291729,4,92.42698180063546
8.646826516096702,59.05746747673402,80.72618725744356,5,8.331462179910908,7,92.93285949486653
3.226132915688779,84.05589269824914,47.856765801546125,2,4.823142141293344,7,66.18083393658185
5.054897217790842,59.071917384781344,81.4385357241333,4,6.0756246976736055,2,71.31804162445745
2.162434736363455,76.258169183353,82.29075301592025,6,4.071654529335007,1,63.47620534712648
9.586459245328502,85.45231308612163,76.21972836185302,1,6.391677408352779,8,93.67431802228668
6.455571710057921,55.34384615473719,82.13637630375723,10,4.105105533631086,8,92.20075112396744
3.0577852495311646,78.36561098144517,86.52567918227527,4,8.098047765329,7,78.26835537577291
7.045306159652711,62.82813918506819,73.7482262830602,6,8.124268837435519,8,88.20054508744843
6.5631541641210625,98.146343761879,44.87325926833235,9,7.938710941511849,3,80.27308390833119
4.223464462295564,74.17728233599624,66.8195295316966,2,5.416820344455591,2,71.01459423925564
2.022018329796661,90.2996274887579,44.27071340693828,7,8.18618609110909,7,69.74961885717678
7.044158760335196,77.51132710781309,62.4148667067837,6,6.714990663026347,8,94.9342797939904
5.68276930813414,52.170626642740956,62.390856901909515,2,5.869040544335013,1,69.64054429779554
7.950865525620754,81.65756877970111,43.63054142771329,8,7.126649798521165,10,90.25909824639963
5.68147151000794,97.57016711033285,59.18512936832136,7,4.06170523030187,9,82.47121315408462
8.669633502866862,80.08059100731656,46.104895433522316,5,4.714804388003761,4,68.75107666149961
5.9671615489703695,90.95944297133951,84.45293655050722,5,7.711467690851314,4,82.85115550814086
6.0484417438184765,94.2103231674204,92.12284142804589,7,5.220808043580766,3,86.39253444221404
8.889882423925105,61.40398859744663,43.97740613918663,9,6.990045586643748,6,91.99513029380356
4.631345795911574,60.60224199541133,92.53133640104357,9,5.925513014115149,1,82.6352015772027
2.2061370560557667,80.54904944254959,68.74171296352098,9,8.274028893996308,6,81.73732458049328
1.2590440868200508,70.55142349033524,56.47611228746307,6,8.762076529983219,2,50.24159891896362
7.796235301062571,91.99306514333603,44.22741414018899,10,8.417823641850951,9,90.09455863385251
6.582785962181182,95.00115616990055,67.53433474387298,6,5.353099973467984,2,88.32416294507364
7.336717912893012,67.6710689651359,83.69835494699117,3,4.970814345230411,7,87.52703011855326
2.9166774535801965,61.8435279487241,78.88975624966841,1,6.372174468103675,1,60.15847710998125
2.2273432802809277,89.0262757621931,42.76243063051856,7,4.036670754180902,7,69.66633204925407
1.1309019910109375,63.740301777406806,44.009600945234695,4,4.129046964315909,5,59.039177743211646
4.155288029259372,91.13071592568392,62.15803054479504,1,6.766453198115,8,73.7650946403071
6.309259181691698,71.18691268243813,56.24097717263688,8,6.60224702082643,4,80.15794376022431
4.530196405897591,83.37749496457351,52.78113776808263,6,8.9729099451763,10,83.8442557164979
4.937274298213562,54.77676569173341,55.455247439979246,6,5.009209176818791,7,82.28510827475553
9.137428250443735,81.19296623382866,84.19155088132865,2,5.290519645802342,6,82.17130744196062
4.134299203209704,72.58838393686145,91.10754294975197,1,4.567703211631433,5,77.92145191183315
5.625905402438297,79.3304231587737,62.280648199016156,2,8.587715048268723,4,74.32225267113738
8.052877114670288,58.40071038724317,89.83610511728733,4,7.889056222292254,7,95.32436058508539
4.568885040891431,86.8436872472091,57.68226356863351,2,8.111695557284238,5,69.43120197080891
6.598780302050861,93.13985387716143,66.20403424890854,1,8.513818939822544,5,82.02171014809122
8.761273378720706,60.836990004538784,52.43159487987998,7,6.624499933629192,1,81.72567867621149
9.54568561291878,54.78572777600809,75.22618231967141,8,6.255965957253618,2,100.0
2.323661328361341,51.18192930231682,93.84396133461449,6,5.651957368328082,5,77.30399109311674
9.339288626453449,82.0985750221633,73.19212028238582,4,6.946073071739278,3,86.46549681532295
5.429046637715844,80.35470180443903,59.67977462624519,6,6.271391983949113,2,72.81633005727872
3.324199494690625,77.33487063570351,75.62995952947907,3,6.257827933027876,4,69.06755936942403
5.132221806144352,61.59735480579877,46.76063731559631,8,8.684639318655694,4,63.66865063584708
9.820293177569294,69.54529979527574,88.87624941459693,10,8.92015757139565,4,100.0
5.4335628459358265,79.72381675930865,67.669617292891,2,7.982421946647904,4,79.36257613590313
3.958764492587574,74.83834294295846,64.7142358121803,5,7.783790451234641,3,65.7484916036161
6.700607688850532,99.38927601074437,72.22256336494355,1,7.4027908088955074,7,92.7722433111164
3.1613105690037377,56.821987627836656,74.36311245341713,6,4.8303742616675684,9,76.78576633975563
1.6827699529779752,84.75722770237968,43.94766934245822,2,4.295529104378272,5,51.24366354891231
2.159917497195843,70.21593840521462,77.54394716728713,4,7.453631575566316,4,68.72010199031875
2.152412550619952,71.40998074628074,53.30624241735413,6,7.64393111128288,2,70.00245783399203
2.3671242416106493,85.87988828290881,79.26739478786243,10,4.234864955490699,2,81.61753699433102
2.2494445538446914,84.62180756621848,85.23941369113082,8,8.640258751144241,5,84.42175737061946
6.767872703228932,99.56279968510941,84.21771791538862,8,4.455703197223388,7,98.33780591376863
2.6369207595923037,56.41971447270626,70.38755320743391,6,5.429502668856012,10,73.46388254066964
4.111005549914768,55.20548246920832,68.60934407709132,4,7.361949063993523,10,72.95078896831036
9.071095689154106,86.21694085643705,47.85817787366764,8,4.849362972022382,9,82.64349998078256
5.265654762365851,78.91934585032045,82.64403827217245,8,4.277079442211222,7,99.34018313982288
7.008019646689244,63.70803332799029,54.92751592456929,10,5.655732445820749,5,83.60805528748232
2.5508788408146685,53.97096844944933,67.31824825498705,1,7.829857874275895,10,68.02735972394038
2.730601169278037,54.282912479821526,55.63507511101342,4,6.068393394926302,10,65.01366256218594
1.3678175463983098,94.70954373320592,47.360559964983125,4,7.264864609539696,10,65.94631516615725
2.520415567649481,59.59336623593715,74.62567332904551,7,6.898095486140683,6,72.24704700849549
3.5073130512876274,66.16857810577604,42.98826191525971,7,4.1110924101279025,3,52.32409394980414
2.5930943584907213,61.3328201113494,81.17548787694099,8,8.942699935228532,5,89.85204128573392
1.7983228038135004,67.74981529159686,57.46727373936142,5,4.207140444096939,8,57.58054849510117
2.085722839905407,53.47119213730467,40.00740811524669,7,8.839013688242424,1,49.006741663385256
5.147008912294532,75.95298954541352,68.11210265804763,8,6.749320891821991,1,76.01653492344366
2.8570034656521326,53.380628179610746,42.57685496901817,9,8.815795135325333,7,73.97424044060266
4.278428749432679,90.01782539111808,55.18932568014947,3,4.573767997069178,5,69.80231957751232
5.530755437693712,61.685604095521654,78.88370681006438,3,6.452042595927566,5,70.39432833625933
7.213553457664288,77.00059573022553,43.447929189202625,4,4.847520459330293,1,74.41679678488715
1.3538092585698904,94.0039543780729,86.16361707958012,5,4.254874385112212,9,83.92955986712056
8.194693590181384,82.5438684523597,40.21009574622207,10,7.087645575311558,1,85.27340175620563
6.6511035054181695,76.64788932756676,53.57531280610462,1,5.038917104808457,5,73.98423064094547
1.7358312875398472,66.21668765576878,80.74972308836394,7,6.93848509143773,10,91.43436345183909
8.862207616960994,66.6500956529099,57.39485823511187,9,4.561822409744928,9,100.0
9.287851604786319,83.4743477599095,45.604081343630746,8,5.659932357163514,4,83.71992586675414
1.5497016386937736,99.70696806105838,59.81286553402353,5,7.9081627902662355,8,83.63793762257615
3.4918988333248335,83.09195949246893,54.871630751148906,4,6.185257609210938,6,71.75485569399929
8.255811518137552,77.88917086850125,86.34915461883051,7,7.138727074486682,3,98.19613754330408
7.734337213452926,86.5325255119623,57.234135467182874,5,7.23728970372773,4,75.94402597737442
2.6606891742073957,73.26028061418592,83.39128594768039,7,8.218775219936468,2,75.7509341508523
2.8841439100303927,53.00711713003926,89.05296796459041,1,5.624613972033206,1,57.33324582055801
4.334248925122438,78.1148407938955,63.85995807670912,1,7.436477812912588,8,77.5592141880685
5.360706866719192,97.881264225269,90.04687291199156,10,8.80807903523083,1,100.0
6.564292943772664,58.76514711788298,60.752492967975606,3,7.65121667178934,1,58.62632306628799
4.320222756127952,84.50024454103328,93.02431290695594,2,6.449352383588723,4,80.7834169846441
5.162812445198331,60.04668443295282,44.91092384890651,2,7.153587222459646,10,73.98182653738138
7.727238443203809,76.79138422365406,77.78605965767835,7,7.698414488815541,10,98.86970194296067
1.330148826015381,54.83382248233598,67.15977222513108,10,7.061378828469362,6,74.1115194309072
3.2719324990961867,72.51854681290925,61.32068430006059,2,4.083379067449195,9,69.0468801111217
7.420146272960972,87.8081664447623,74.79915333117304,4,4.973867488436129,1,84.27435274418333
9.056861539184794,67.37857621194911,78.71214003988823,2,8.05234108607733,7,89.66024388023838
5.6050969790409955,83.24558622436089,40.239979830767,6,5.363253236562423,10,71.99102964986554
5.789021367387841,89.77249803948646,49.18241988109593,8,7.657810597805669,5,77.07419543109924
1.9645481020579845,96.35889097397263,79.21753278488754,10,5.860601076208494,8,91.71686717286283
5.026711301411092,61.73210409277267,76.65119774680136,4,6.609421640789716,7,78.44779205719107
5.793555398095209,69.9657957904654,93.13261278207725,5,4.339866499097019,4,83.41583489168991
3.1822345327125667,57.62080066652087,81.85707846379307,4,4.9061278052485475,4,66.18855882073227
3.4231890785444286,99.62417510791876,92.29249892522358,3,8.785984817596173,6,86.43802622663364
4.395557467941604,96.35004839621476,78.63972758441437,5,8.45069026723457,6,93.1833383970988
1.1806407799995373,76.99785651402797,56.39287147516937,9,7.261375554495251,9,72.41404662997
3.8987124902486046,92.10166471882107,45.7950707237971,8,6.298222986928687,5,68.34272782420092
2.9030320629689017,76.04789886360211,83.00031248397146,8,7.378806464476119,8,89.4682456163742
3.9474761696012317,81.17928440013799,75.42820718117537,8,7.093051445469695,5,82.60579024839568
2.077859186373261,54.456221605800835,42.65023068163129,8,6.84276127802306,2,56.174954304827885
9.014745526659055,87.7635210248404,59.80277562455381,7,4.295885359317709,6,99.94986519609637
6.342332081986438,56.38567418176174,92.62398985163574,8,7.164013053307535,9,95.40302150602726
7.111920872300407,91.30338151262642,67.52206301406108,8,7.844600222855842,3,92.68484863842866
8.102541147466045,89.1014043835193,63.800102481083755,8,8.970408273227878,1,85.18880122339351
5.485979790361515,85.43723488714882,65.17347828376117,10,4.0553927629715485,1,79.78501099340492
1.7822825927868133,51.80801902623811,51.48854982028401,7,7.650867266553384,3,61.11834246461576
5.83395887636693,65.15641779726643,60.27889439756373,1,6.858946579679902,10,67.4706720280384
6.281570062187912,63.155628495542146,60.33972907929471,4,6.170260880404784,5,74.92700883418576
7.70895526765897,68.00682037357595,42.879526110310984,4,4.637850872856855,3,69.87821127106062
4.884935916067114,54.382137338191924,82.21621956848551,5,6.0454257431743805,9,81.57788195283082
2.148222725160074,96.84789115155314,62.907743754713344,10,5.771885914930676,8,88.23203168574007
3.55398315218852,77.69011203561881,85.21989377490328,6,5.514149444893711,3,79.69778230582271
4.267740667587716,65.27621553290118,86.76914006159424,4,7.654398116611039,9,91.33623251593967
6.8132551719844106,69.84907585371417,51.659673008426196,2,7.503627606421319,6,68.71860006078208
6.137004742020207,72.36012702524178,76.15444151935708,6,6.945100454904558,7,88.17982380514235
4.204870533080616,80.02971666803086,65.975499228964,8,8.693324066466861,4,81.62912349480355
9.878637239136816,75.7839713848249,88.40862058568169,8,5.749271920904272,4,96.72792122073415
6.451973374211985,95.96959866072086,51.865737354704976,7,5.219009688550898,2,84.40181256097054
3.1350411256239505,74.84817414529151,77.27972601705244,6,7.279516565491997,5,89.06795411391917
1.9160422535836337,99.60790074116564,73.42636672389975,2,4.994070304687015,8,73.85837023167508
2.375732252658988,92.57124788725478,56.24158126645081,7,5.5750525359171235,7,76.95472015033441
3.213619555460573,60.42552571786679,47.51304970081449,5,5.123012200374424,7,62.82241207058455
2.446132359336001,96.52976073219581,75.8401868262502,6,4.345767838592506,6,74.99274713930116
2.679103216461752,55.818319894273806,80.62286019727819,10,8.137493708178367,3,67.84358301116934
3.565856518244624,90.87248542455958,57.35950390698425,8,5.272702714608306,5,73.23535257744973
2.560362357652793,69.03116467382901,75.46579322122726,8,6.365137516715103,1,63.95725148080162
9.070888821637826,93.89871602225347,61.73219991863268,3,4.21657636627156,7,97.93070219856543
1.7221037109547799,93.40283450537251,79.22637858054398,7,7.496697331263215,9,84.46740112404488
5.720602506132292,90.29627000588106,50.956840119172924,1,5.652805011531454,1,64.19397742787326
4.693571442906954,89.50152181535307,88.96182514498959,1,7.723683639146049,2,83.66218634639057
9.841407552177458,65.23395695490204,55.80752780560688,7,6.062015302339331,3,79.91860641528018
2.008350119512471,54.04596415256261,60.228229326588405,10,4.978778032028123,3,60.36087950298936
4.580700391411675,70.14900893825808,43.19505736441924,9,6.565875411410179,8,76.40386024399955
9.72523389947832,58.67622574932543,46.133171677670205,7,4.652522798187199,7,88.68773597825549
8.789564133045822,84.74755444512309,68.37240464917805,10,6.202695799364974,6,100.0
8.353648638543518,67.30498632688928,54.71759722003843,5,5.586527387102432,10,87.36650462404816
3.3211254434044584,98.78051004299574,85.9514124158207,8,8.559797920998166,10,97.6918847836778
2.5379882865105925,82.04860386726659,40.80813637602246,2,4.3046436086036,4,56.51478644419375
7.017788979319879,91.12402818171805,60.85017267695649,9,7.47008707052871,9,97.91028601649889
9.364383902148273,56.62623363709242,58.5540050723001,6,4.9137558299371795,1,72.70750634707547
6.010866037125368,93.10072411363113,41.063019700468054,9,5.595225371661199,2,77.40545751477467
6.144514205229099,96.13785952566971,46.84026194502806,2,6.0775703153103295,4,67.37122619858611
3.5198118429425573,74.35309594094679,62.750347120524935,3,8.540075446874871,3,68.15581916762707
7.925436398727432,80.31264688754888,67.10755214460957,8,5.212891330369126,1,83.3517657916108
2.6833937370177106,88.24049004514977,62.2359360990178,1,4.456544012723351,5,76.54633348363446
3.913113127638193,58.741931363020626,69.20157231266516,10,5.593448019952618,7,79.4393486342966
4.828927947547751,75.12830382317212,72.73224211981248,7,4.5233798526776665,2,69.12732656174038
5.568493408160095,69.93315138861566,40.54581016203096,7,4.642982429802762,5,68.85188300476318
3.181687591735722,57.31869960811245,65.52523376994272,1,6.869252989875133,6,64.9746162147798
2.033531422652832,68.37672111457657,92.99245824881736,9,4.304509665497466,7,90.31346432994879
6.495580381974693,53.40861546927468,68.54677540712518,8,4.15465440696783,1,71.2376588130108
3.597674979162302,51.29059534747435,77.26482471024242,4,7.572070507352489,7,64.71829306017464
6.231143992803511,56.758314457741136,57.15251218542858,10,5.8082354742052225,4,82.57881038910595
2.389264437467821,98.15575557945868,82.56952579840194,5,4.6268767461693665,8,75.42994945337992
5.330260916693358,77.47647679475085,82.51068150318633,2,5.268063854298541,4,75.12592712164411
5.793304892964272,98.291108057661,68.67128262097765,9,7.210432536761996,6,92.60997071985727
1.4664118314018422,71.62489391650661,93.68076028035675,6,5.377682835704256,9,79.92324064066077
4.029438503745285,65.59080665426298,46.905261811945934,3,6.472605625602039,5,65.32128671995639
2.209732092450768,75.3070931420122,40.93212156892695,7,4.608476533633361,4,56.27251723418121
1.5703747342549097,71.9755844316455,82.35870164664027,9,6.940468188027235,8,80.20238781419363
9.909642091509507,55.2832342130872,84.39355455506853,3,5.5803884192163205,9,93.89651557654369
3.9011846047725065,82.0413157345103,46.611397601631694,2,7.134842172643583,4,64.21070386875371
8.288870012691714,60.80190912547998,54.60705581272333,7,8.041974411520115,3,81.81066713895802
3.2917658928738747,80.97939774489149,40.96537998516459,7,7.058232096949962,8,73.79629108271496
7.133524500015364,82.51005461990766,56.13197359293106,4,5.478737812975103,5,83.37221327373265
7.842050739007179,57.601242656432404,82.52280306552693,9,5.278718507741502,2,89.95133304006042
6.360748665470599,53.06748135553341,68.48782902419184,8,5.63710479366724,10,88.22488890497561
5.244185696951425,89.038079303422,59.14525762425585,1,4.823102566182524,9,67.90490381764945
4.706568227325417,72.99002118846602,60.44566121984816,1,4.9058592542501005,3,63.78018915611812
4.139814398886958,52.90818977527379,40.074449414350745,5,7.95345550950084,2,59.92354118501096
9.365762298230432,99.74331585848836,56.489029016087976,6,5.923662882537225,1,92.57264487033366
8.475574670089562,52.88902804981833,75.55523079008617,3,6.179975902852929,8,81.91153383093739
9.685242195998613,84.75176144292766,93.58069440989965,9,6.9702473278340555,3,100.0
2.1186750113699024,99.18394626317068,86.58834548411447,10,6.9482674757577385,7,88.93569661868221
7.577807276832798,61.95900521079628,41.2977230555041,6,4.3368843576096285,1,69.89633005969024
9.44506411138934,57.11246843435981,89.42083325711616,4,8.157703931688328,1,94.437710289058
2.6310975954909415,56.069246971121444,83.07591273142442,7,4.886632766119697,9,75.13650621491342
1.5984664063009975,65.16375737837978,82.92068679640391,8,7.615358180248345,8,83.8637486906229
7.670085843610531,55.052290550532334,65.18976674519644,9,7.863354940640833,3,85.17050251574724
6.170258018619207,84.60806708470659,61.89029111249766,6,7.5744976704565685,6,84.47746150105284
8.576458990824449,53.114589906503134,56.66036508582559,6,6.894888232770726,3,77.27711931281895
2.2579513896366055,75.47110640748949,43.613217242490116,8,4.073044985544414,4,65.51235861420892
8.15740580673901,99.83484269264883,52.55294499215345,5,5.801877461815853,1,83.95422538638414
2.8146458804297008,90.69851347530094,53.56319992379135,3,7.024197146812906,5,78.76901026849241
2.4729034857913406,80.76097191155054,66.62423883406109,3,5.937256479612693,1,58.30357029180911
2.4783921813789362,65.31268103933058,81.10944236281817,6,8.317399474564066,1,73.25955961566976
8.33117248208244,81.19479181458192,66.05954056188706,2,5.5440113767480765,10,86.31106092424378
6.986774986265801,76.35207319558258,43.181444719593834,6,5.467673962293302,7,73.68308793690098
5.707588822922074,71.30416919451858,92.67843905435122,6,5.329988465463289,6,88.86191521670722
4.229474357111522,56.535518837009974,91.84983755017618,8,5.663904344803978,2,79.72041266498789
8.894804867317974,94.33021076202334,83.18542487316246,7,6.787024821570936,2,100.0
4.532005966803719,72.48923244106612,94.52303458603214,8,7.535076471362954,7,91.81573550873588
8.349394955244193,59.73112559103825,69.94652830401446,9,7.312839588693926,1,80.8241971111677
4.952214177131966,68.38796754386448,92.95225926392634,6,8.038589099907398,2,85.29056784711557
4.392499864824169,70.70648762644635,44.1582772339213,3,8.429569977487125,8,58.465888322711834
5.164118071026458,91.37689477834371,60.11244115437542,10,8.080395211716755,6,89.19654361039213
3.7124008674772786,86.6807190280701,52.395969740372124,3,4.094727016871773,2,62.22082519692718
7.72848442158626,88.46524468206698,50.77081962738485,1,7.679589767759944,7,84.62414298734623
5.5244835108323125,50.55156322143236,47.74416218909718,5,5.0419978680916575,4,68.13190721926993
3.0899142563213555,70.80769990898807,74.23275028612981,4,4.664640213539913,2,63.49992246535785
9.096171159471115,74.06720758176618,82.97270206610179,9,7.192443923995677,6,100.0
4.455020992358903,50.95961384115284,71.80641196811983,9,5.5987159770384745,9,77.30532245019198
5.891975750025898,62.99066043725171,48.08294902735153,5,4.285585816852216,9,67.19789756177741
9.158248998680923,88.01449115610674,84.6118073463409,10,4.688148671991807,8,100.0
6.618141963225929,56.855485286449955,74.97750889400507,4,4.004647084349806,3,67.54714466555885
2.0520823663752767,76.76550657262959,61.349113836984756,7,8.516118136723536,3,67.3627972190921
9.458489112521276,60.76009360086188,77.07716625448347,6,4.123089919206193,2,81.08971904655853
6.6493724776427605,50.60603873219466,54.29477385835581,4,5.047278847547555,5,71.39849274540033
4.014150531913775,62.06007287997707,58.98557146718158,10,6.081313903439536,4,83.09088422902113
2.2534486539704854,98.7936877455027,90.46172137225946,2,5.782856629754095,7,73.79528709431538
8.146226703432664,90.07685559414948,55.977747811928126,1,8.55862938456388,4,72.14364271308622
6.580654803356621,97.97883221605167,65.84935474868651,4,4.20144472867271,9,87.66095692804542
5.801149827786894,74.39270219631813,88.9577625567808,4,6.561073538385258,2,82.17640444548755
9.045033247458619,55.48680993387518,78.92467426471401,1,7.40239731262187,6,85.82613206490292
8.097374901020777,77.39797444868465,43.42117743905865,6,8.658489868405844,7,82.66591771113815
2.365073917594761,72.71886672799805,48.10166743534337,4,7.1018562606186055,4,59.00918180364541
3.805498610159934,92.2178541369808,40.431287492455425,1,8.018776180058813,6,67.17823821984624
3.236402258330192,54.90412903921223,74.70069846260398,1,4.418624689226742,7,69.10126264915596
7.695516633154092,74.4120568510889,64.62203839757301,1,5.929697554684637,4,66.76173125447828
1.3017919126220145,57.50243323469921,47.38511679962515,8,5.869735672395337,8,60.49081340364768
6.129007163841849,66.23379634450299,92.68637665812238,10,8.431441082278589,9,100.0
7.862128171666215,86.86785386938999,69.13128481700909,8,4.756855856316375,1,82.86627300156202
8.890890730855745,73.80090646843833,53.304131176208905,2,4.7594308616831515,7,88.59462374186958
4.078735738443167,68.79441425728847,67.53319641350892,7,5.642790749428992,9,76.83717087266504
8.391315742048116,69.72381392850177,77.37911830043093,8,4.272330236834188,10,97.7534589152184
1.995685632596865,72.97233842029934,44.19315698854604,8,4.91229020326245,5,65.39014713633044
8.618070625610663,89.25082719185284,55.10870982763406,10,8.826048192728676,2,90.72459136318632
2.147397960987842,94.60423444701172,84.38310199861965,7,6.140919699335864,10,79.03539265454711
4.575585615043305,97.76673432519641,65.28156787214637,5,7.1600960421121815,6,80.73381258920976
8.175658292015981,89.34516931276475,70.06174281177621,1,7.630556296723185,7,94.0626362647192
2.349256846138964,65.77034478740063,63.80488012152081,9,5.834807035036002,2,65.87239617890965
3.0632625570937733,84.4067353043271,42.41449684536528,7,4.736135372052585,2,58.54050925799863
7.500273115537596,71.8801562027696,49.11623789010858,2,5.032905081108904,10,82.3228077874657
7.480328828914669,62.73353110230256,64.504790130804,6,5.5663323829030515,10,85.61350371088884
6.770328695967676,92.04357897129613,51.50520059743603,2,7.180342101761129,1,70.17823907333971
7.2455360002039,51.92131744811625,42.74884657628233,1,5.9914027454452725,4,62.71771685810139
5.884519990128366,95.08809960677118,86.40073152285031,7,4.03407348950064,7,98.45366544267009
3.266191530162575,73.0738732312367,93.96558910402638,2,6.617035925337359,9,93.28060266870622
4.111263941535275,81.86007384041402,83.62285806982067,2,8.607566959537088,3,81.41055810697075
2.634379451212831,82.96769611028913,86.95817069375668,5,8.060388055043395,7,88.84001001101073
9.176055052002654,94.75588703532682,53.308742167437494,5,8.126056856298156,7,91.37142253480168
6.250526152895084,81.83348410836037,92.83448365322599,7,7.975290088030656,7,93.44796832258773
4.607662750872759,80.69667923800309,50.83091374493856,1,5.6186541280521185,2,61.61828874899528
5.1580522327971945,53.3326020280345,92.32863956990077,8,7.82596916877196,6,88.68414979993541
9.525550056506338,75.9204010972602,94.7150611681273,3,4.715806789055965,2,86.9302649349116
2.380162628044722,57.50845004085208,79.14475431603267,4,7.288580736379767,6,68.83037249181832
6.276068488151175,86.87168843607428,93.96290524855021,9,7.207842833424972,10,100.0
5.5529981099601935,75.61109604063373,71.3246878761907,4,4.127848995448673,3,76.0552250672448
6.503088118911831,84.01138896041766,54.274798074684966,10,7.9398506679546585,2,87.36958085785567
1.1629916543875645,52.083645030119214,64.03477371160915,5,8.516240525475652,6,63.59312119591857
8.849115180497364,54.23960080229016,72.64585144583323,7,5.337076392360538,2,81.23532684411653
9.38906454235251,85.81616940313411,44.01948591148582,4,8.061953620930755,5,82.52050653454764
6.086198652302881,53.60421679993367,74.22887955394853,1,4.412029859309741,2,59.9570308701144
7.26985741489203,53.56283638826293,93.9647810219262,9,6.99983929130533,3,100.0
9.302494430595662,50.605423761744376,50.45592073810502,4,6.428234326671386,3,74.31389764032768
7.3651477088205874,97.82506991497401,83.59273139586108,9,6.729617666545,6,100.0
2.3728513862283522,86.87541797295034,89.93443365787905,6,8.631026009421724,6,80.50152603433975
6.186595241501319,67.66257042510321,91.90358760511214,1,8.356576236234268,10,100.0
6.460435417445703,64.82677906438276,92.80745824229959,3,7.925418286198785,3,78.72938952832197
4.817176041721474,67.48516148729247,68.68028012968095,2,5.368492288391855,3,65.18516920273737
7.627998120622506,88.73267655905909,93.7519349395327,9,8.55909314343046,1,100.0
9.409303132921133,83.06853055352072,81.65206139239413,1,4.487538462319376,7,94.96186681552228
9.330116616160987,59.259778393373395,48.891928993032906,9,8.266646082793939,8,96.07377595326018
5.057554342637189,58.70546676670422,66.22950585573835,9,5.640800361768039,2,83.6081996697104
2.019142412566797,54.91978248566986,79.50821464546021,8,4.268861558309917,4,71.2148978206424
9.863570790661012,83.0151359850669,53.60371737004958,8,7.346784921203741,10,95.17242836913752
8.550082778013408,88.2186331110868,75.2338350951888,1,5.156399641579777,7,87.80842291109887
2.1219641308294017,63.2523214162502,76.66302634756406,8,5.217855629323159,8,77.36804946009076
9.28757694355635,51.047248051545644,48.948485909471124,10,5.530235831143857,1,89.82787895054332
8.829067258559155,54.10858337382137,71.0796921849016,3,4.318423837512584,4,71.52163632923946
5.669542514134649,98.39300174225153,82.43948010382343,7,4.88563572099127,6,99.05921426142244
6.321478921704363,64.77223887387102,67.43926154947681,1,4.025698137927802,3,68.78650801155761
4.591024334831173,88.46115739190668,40.66567142268591,1,6.227047605528934,5,68.0375476320866
1.492854749398282,81.23317844271318,40.49711579936107,10,4.4212768870898564,10,69.87215269255971
4.016775174813109,69.09698198264479,59.63661391835067,5,7.413263025220995,9,71.69848576611261
8.225681037382103,60.28436310977776,90.94067376374801,5,5.178114255958242,3,91.60984785986743
1.0416882070414257,56.06932090797032,52.577222878198484,8,8.717870720175885,5,65.53444871119032
4.001492545220298,80.75064840194332,74.89000288794279,7,8.356258136993263,8,91.72018371261856
4.58351824231849,88.7316890318894,52.21417288813263,8,5.447204474841041,6,78.78911879372211
5.836560426441306,82.19521267705653,57.69184943127517,6,7.916077273283394,4,76.96759890621851
9.278700547714845,76.51510666245792,86.64231492808162,6,8.01622452332403,8,96.11197808179239
4.1171139492936515,52.097561171581816,80.08737932484708,2,8.932815570572053,3,73.03599681574195
4.122578817066049,98.42443887971919,45.246960252226586,6,6.989199934228425,3,74.5189296058556
7.637511232987736,89.93570958272872,63.57861115425385,5,4.4098286732183105,4,79.52989050753274
5.069961468008264,64.64110183504823,41.604337000489544,3,7.234186144631905,9,65.77299559110696
3.021443406459838,98.99851646794252,66.44895806316549,6,7.124898741880176,5,76.86219934059605
5.07195564519424,80.09407948181611,76.43387064355875,8,7.191752887102159,8,83.36807225847237
2.2677131834181985,79.12113291036232,46.517644297898336,9,5.535728240521058,6,65.01191453960499
2.58748287855601,87.4036589714766,55.88867164000411,1,8.298397925401664,3,56.90364459390852
5.4853099546553175,90.58848940450687,61.88101440261863,3,8.797360914777059,8,81.59637311134657
4.770329045540931,82.82393036657513,90.57420635608273,3,5.088562564890758,9,83.41301702613848
9.2336131096129,56.40478731831,94.62902584826301,8,4.440760790683222,8,92.82793139165773
4.261545092049698,66.91337529972492,42.470121444758874,1,4.97267516584242,4,65.76314792543575
6.225295152502391,96.40418201630249,81.85543579224657,5,8.102760696278594,6,100.0
6.690378591275773,61.230780592192595,60.444823652128875,3,7.383223174099237,1,65.72264526661989
1.1178501092950026,68.60835119187567,61.5852002426214,2,7.180236711695633,4,58.402801905735096
6.971836348150395,71.6038441472098,81.48457353408625,8,6.008965675547122,8,97.03236194283741
2.6023237018277627,71.97024948472261,90.51345376799748,3,6.889139857557179,1,76.02381142688762
9.649632857225097,80.64697912472627,92.30107269764017,7,5.539370626371837,3,96.96236429010236
2.3379645497780164,97.15379188723537,71.74174223210764,1,6.3860003970898065,1,70.95848571938251
4.731617113543214,62.034635591625246,59.64166376152765,6,7.96531514185328,9,75.60388117588923
1.7681470127077947,56.0750688150459,83.31519972223286,3,8.90620798727731,2,57.6104241111006
9.971868266613527,59.873524492996864,53.80507607942651,8,8.66244461794901,9,98.79888996541057
5.519755092981184,94.34624501046348,71.02407158584347,6,8.669329714231244,4,93.92737342144801
6.358465155880394,82.2905406327603,59.72181538386802,2,6.011118674235561,2,84.90132955207405
1.6036882964958474,64.29533946195801,76.11470905393318,6,6.343949402533955,4,61.67037100093654
7.7496442335926,90.79734694843086,53.22194020914288,7,7.528176981844908,10,98.09872391833439
2.889150337860272,93.0684998181718,50.53761201541542,5,8.610959640256421,6,70.88469359480793
9.082488604966423,92.3257169345139,90.50314976714904,3,4.709971296760424,7,100.0
2.8462567643380643,95.94632668197772,45.59920256222453,4,5.521209319135979,3,56.25383442326694
2.716189485972999,62.612051008668075,67.82768492542124,4,4.696234222970547,3,55.523656278461175
1.328947010632854,87.75209643731392,52.14690306296549,6,7.060042649797277,10,68.35694974722982
5.248602505989993,73.026974863707,42.14114798291171,10,5.531504984437688,8,79.27827824069392
6.083570199363548,92.09992764450308,41.98103500602845,1,5.630539262562867,5,65.89418769119746
1.5913777548551713,86.42453385808065,49.637197465820506,4,4.3545797974398965,4,62.20313735912984
7.9797485502550956,88.82237232498623,87.67236949783,10,5.748980309037959,7,100.0
5.079599512732249,82.80809188405357,55.53633091873647,4,8.312482537007927,7,81.0889075740026
5.7195124239482205,58.87143847348534,92.27525438164126,10,5.165364059454175,9,100.0
4.966864722444053,77.25134594484692,71.98922611440565,1,7.4759373310503285,9,81.26473027191291
4.606867547877934,99.23348697622541,64.01378043728214,9,7.148141724692963,5,81.59745571373102
6.036762981773961,96.86940332485594,71.90488590682,4,8.317423041845576,8,98.22865545346012
2.3971622133764123,52.158686789850584,68.41841118744472,7,4.661439738255191,10,68.31326081342273
2.63735317445744,58.24074078647186,81.73269395665288,3,8.887949801725217,1,70.21872990497187
8.756070589121656,56.58643867272809,55.53728362850687,10,6.913143230201828,9,100.0
9.515039159202695,86.29899549926478,59.41777153801663,3,8.977370761734072,8,96.27689720611617
4.359783846517777,90.88926649284726,89.17518663932879,8,8.557573629329255,6,87.28976305003623
3.436702058291984,60.675568315533596,92.0551082232723,8,5.107586360565529,3,73.81481165992122
6.795995889151142,75.29263464759146,89.09070251175609,1,4.280810049516566,3,86.38742459240815
4.678607539882868,92.03515140056,63.06963966765225,10,5.278195468976808,8,88.1515663942296
1.2284772009431038,86.64007723831253,82.9201026653785,2,6.637818244997099,5,70.40317276499783
2.4053733762957132,77.11186027459242,66.19846533156044,8,4.85798183532595,10,82.31565197972539
7.443750059626578,79.51738452293864,67.36469186803562,1,4.837298722589942,7,84.00715149641842
6.930315477191362,75.418027345814,51.25740599815062,8,6.312967735525765,5,83.29251216483335
1.2438639325313514,64.87742256594103,72.51216667921841,8,4.166339855846792,8,70.05320377655022
2.997749457396545,78.2510996429508,50.237474376434136,2,4.609440412661352,10,64.18523749867884
3.0796731692926427,84.44426510250453,58.23605844869566,4,6.079306697039738,10,79.101507064044
7.047034692388555,93.66614579304039,87.02666108909644,6,4.3156495460398325,4,95.90046910798831
1.1773948397892773,81.8145676989624,51.389169506597035,9,5.983775282277646,2,62.569311050606096
1.9369772378611647,88.0560768521579,43.913705684538805,8,6.3700313297422255,3,70.57534081091947
8.199244768358703,58.003581747728646,43.7954175937049,8,6.256333070365573,8,81.63818839452163
2.6069019584890025,73.07787372098949,91.74314862767093,7,8.345874287015437,7,81.18783974074267
6.874714970666872,50.46658099135467,67.88062408790091,9,6.650312275258662,2,75.75446737134654
3.1436450294205387,62.33394322608115,62.51766394993601,2,6.339902312390217,6,58.541801408100895
1.8949725348341064,86.32308575565024,84.59832195543552,3,6.053546226958331,9,76.86659787175721
3.1885497189950867,99.59049756746816,85.97042603507839,10,8.08811689152243,4,98.60966094433314
7.500402386700932,54.958904979360796,58.27050682135825,8,8.475283019999166,9,83.885417907265
8.701268212956572,70.07471579306441,78.14899316105874,6,8.266212345985588,2,91.5832223445825
8.471978781102925,90.00354843495798,82.41175487185376,10,7.367732890656955,2,98.24522381971697
4.5746517665660935,60.20178173144494,76.00578777762749,9,4.686808729843371,9,83.06168997821531
7.012766229135815,77.7542474651143,48.33772911400547,10,5.3843498474600615,7,78.62920953112175
2.844858658742389,86.65356480148374,88.17356959343815,4,4.230315318409887,7,78.58634070692867
3.6383295723491194,80.79927251300896,69.65020040048049,8,8.65412037495057,1,76.37797046139352
9.067022366690077,59.401236730770805,55.5359834503502,10,7.303992648454551,6,93.69440285901852
1.1170173115966242,67.76922843428697,63.38755019907316,3,7.731814421566208,7,64.22722060088027
1.7695767776902127,89.18958922426987,42.066409971939905,3,5.557858697911145,6,53.59526920246799
2.870976296314246,77.71132570660083,47.03267406723297,8,8.228267611386713,6,77.35145507072892
1.2387898348643773,50.261480677145634,82.10507127837235,5,5.298016418542392,2,61.26804624096223
2.632918915808176,88.0495380014047,40.000639911545136,3,4.008218785562248,6,60.611551588266174
6.247374048727229,51.76556774701196,62.911120566526066,10,5.88207481260347,4,79.33856932689656
4.792820955332481,87.2866891365616,68.73805995970736,1,6.853807404795367,9,76.82347630471968
9.034045399692774,60.124028008261874,43.00489310005348,3,6.393524289827613,1,70.36739177473376
8.356992055645968,97.90367400596901,93.5192989634783,9,8.310380712882985,8,100.0
4.076356165280884,68.39703756510423,52.43689321873195,5,4.527026429780834,5,56.973788486727955
3.3348109008816325,66.34658081690395,56.73092957999545,10,6.769117203168628,1,66.72221627630745
4.417231673505402,57.44440251662223,56.716838174026506,2,6.564896749104538,4,60.553850907667616
6.31265448263327,65.28021077451075,52.67291641645424,7,5.406964910860815,1,72.08135482661868
3.4125727674058863,93.83253809141003,40.081060214747126,2,8.111140562885053,6,72.00191949275234
6.617340170642207,99.81671688136237,80.1139636748398,4,7.764243279411032,2,85.15162622488826
4.684704869721164,68.41547652534241,93.1765024889607,7,7.664295936659155,5,85.44424631420529
5.968424627667822,72.43053154772713,52.33614158067748,4,8.38096239134778,7,74.5488481612874
4.92513876221785,86.10354691013686,76.46759554918823,7,7.613923003107606,2,79.57124650898855
3.650191835877259,94.30978902325373,80.80429798272934,7,5.159206458573632,6,83.9328010404128
9.53607976265941,79.6522167093392,86.66339584997885,1,7.5278135582484555,6,98.93530667099394
7.872452147437848,69.57628490889147,63.2446058357485,6,5.538514066949219,5,78.41637630217588
2.261018581898073,70.63109204243119,56.66119981022361,9,5.210873251737352,5,71.12219391738216
8.816211783081215,84.78090732484034,57.89123237126671,2,4.365017964498136,3,70.36130032480352
5.386880784245623,50.16091318021393,79.1941733204182,3,7.720142901738384,10,77.83228422946408
9.050970042046822,80.97946687299203,84.92287065780998,10,7.555004809749056,10,100.0
8.198697303525837,67.77465052206787,49.988768226613146,5,5.172497388370468,2,82.48261917334989
4.8269215402231005,89.7098665638542,60.401755448677086,9,7.74689508362078,7,86.32172922852718
1.2022237748810567,54.64953199115661,89.60671082120325,4,8.589204415467766,1,53.41439015806664
3.4180962344645147,79.41011334741953,84.36814358321067,1,4.540144787457896,6,62.8813675475238
5.874707931947802,74.04864449430619,94.16721215193617,4,5.163183191933875,6,87.62814029626489
6.701303978435325,82.11627629526137,81.48365428251444,6,7.751303970436577,3,92.57241825738748
3.3209891688988207,53.24267972414842,61.62573605653573,5,5.372533367535391,2,61.99245771319272
2.254204666655417,78.99918937140657,72.48508086970509,1,7.123319871418584,2,63.74336004763821
8.514372131193692,78.07422939797618,76.3557839836026,4,4.405821122318573,9,98.80331724718293
9.85961962633197,78.03300472080855,44.315069897441816,6,6.261012395517694,5,83.16044081513472
5.731211640724172,80.17438332982275,69.94733275071258,10,7.6954571099647655,7,97.2888071074765
2.5451135726347314,83.82339686131812,79.01264556599352,10,7.432569715216262,5,76.51811117141563
3.4507659386743206,90.24944998403848,49.20267172005832,4,8.075360503379034,7,68.08621675274169
1.1655160889272005,63.49103600641072,82.93474445840565,9,8.387260633015845,4,66.04852148718302
9.228689259044492,91.2524705090031,72.10750292827615,5,7.865917506293791,8,99.32850243222572
2.05975974601127,74.91278411317268,92.37219821336771,8,7.35793871469463,10,88.36437726936859
6.188648279628282,53.852913956716556,42.333226401379044,9,4.158612459080156,10,77.0749224887594
3.466496986184854,52.92754646219896,54.592937565550685,10,6.674833367047221,7,73.12315585352995
5.9876020226421405,66.71191593480305,73.08546336149033,5,4.188488624574264,10,79.27141919866442
6.862783495166778,89.24484885557338,56.31079517132619,6,8.040339085580113,5,84.69747587287188
8.467676233364815,85.3840467370458,79.29332902391832,1,5.603622622299788,6,81.31809482199834
2.8577914458454288,89.43074823362032,81.7452905387062,7,6.812146870589604,5,89.67020483073938
1.0989624579263242,75.86345282208046,45.638378023656095,4,5.397226536594513,7,56.51527905968323
2.2319706706192655,72.00994989777453,68.26199553137222,2,7.912500721901468,2,59.458168048964716
9.100167776632945,57.372626335314195,67.98898055750807,5,8.432512633209512,5,95.31701738428514
8.865010698062637,66.40963768046558,60.310442361854754,3,5.99321247106532,10,80.58807614427263
6.376717919532775,71.70096830869376,91.31086744133196,6,8.314611967554946,3,84.30087583763304
6.40465174390288,54.43002148398086,85.51284759302717,8,5.335375037281662,9,85.4052306732022
6.9853300709163,61.03059763556056,78.34651600503003,7,6.673304615377619,6,87.66886793027976
2.5783415076110465,79.91126470318694,79.28796496542486,3,8.293807149193519,10,82.4155937339101
9.229707513324637,86.7831557119595,65.39438790972156,8,5.629406713078952,3,97.20073129003444
4.768934724028658,99.91737556964748,90.65469866031168,2,8.770211325390429,7,100.0
4.448246754245477,96.65566656717789,78.2027484989307,10,4.609397508906918,4,78.04185411705976
5.670259347545538,82.12825997675958,80.0939583910699,9,4.0913753486175315,3,89.81078176794058
1.4226937009754954,71.0624026647036,87.39299970830399,4,8.520676762890954,8,73.95625556703858
2.4965503188047147,81.80886823541164,55.0739374138205,1,4.343243330739361,4,54.928913696399725
7.642302547837334,89.2825809040116,84.38889971266866,8,8.95944597973746,1,93.84425310741702
1.7451880113261382,55.91680954616937,50.73823316260706,7,8.75698430989553,6,58.88628398328889
6.428368985197494,70.4952444848144,58.993807373468826,5,4.685104550181603,10,90.16447938070904
3.2081419871318886,91.99011428178086,58.45857498484135,10,6.687923128462829,1,80.1818655400677
4.503660526377789,69.1916475966522,93.81890076140273,5,4.924601487335722,5,82.18609012490997
3.598243630936299,78.59361356135932,87.10954730613598,7,6.1407758651506,7,92.72733046788193
4.201054448184542,79.38846804310991,78.56434238746428,5,4.307125646299164,6,71.39228101074839
7.471413146658209,59.22381265668197,79.98812188884645,8,5.119622938982948,2,78.08213254756969
3.6740954406085753,68.11177208261442,70.9140036921414,6,5.816363981994497,4,61.59665595574988
6.097641762672074,66.72556443709661,92.08998669096854,5,6.193237501230274,2,79.8019765397432
5.284453619791897,51.30983542660324,67.29423140852988,9,8.887481291044466,1,76.6297746335802
6.973040488263833,51.209588194567765,60.9284740428442,2,8.039328228419906,3,70.20010554651049
9.431467653922821,91.58485218378868,48.966943531237504,1,7.687049721559731,3,81.86280552050789
7.593148874892252,63.65354049864062,83.24131087435819,8,6.685206573709872,7,87.85721297374175
2.934463407316811,75.90393831194078,80.39441626415753,3,8.199988803021718,1,73.83318300848258
1.2806482155515622,64.93627867943866,61.13952711882742,7,5.696614178278555,9,69.66960057757748
3.360376398698426,97.03396225576702,41.385637767757615,10,7.5444955638665805,6,82.23435994994877
6.355701376302293,62.964837943288686,86.14485302449059,8,8.96891987689086,4,81.26412116224135
1.462832321358253,71.48284063694675,40.62798908997405,6,5.573144544675994,3,56.20960214346731
5.467296224811127,93.63651252423008,78.7034878795978,10,7.370087674419837,3,87.38849903818232
6.371585640252003,92.09667833959043,93.36414103493314,9,8.221574320761913,2,96.95133392588532
4.008195017352648,59.305070892313864,64.07137304815119,7,8.57903791675336,2,73.42669575192461
7.938209833712397,90.13216548978552,52.9235372747774,10,7.589663454700509,10,99.91604040573574
1.9593842782039461,72.90934433689463,78.767905552386,5,5.4180396170856815,5,66.33459558035969
1.6762400356222789,74.14844360426775,84.94204781085719,8,5.6314107578447326,9,81.7583242805006
7.55369880583243,56.67399862079719,70.0536673842816,2,4.1037901606198215,2,63.19449324159677
5.459421845855786,54.03007568785623,93.18694013908804,7,7.804429888357548,2,88.95698037606127
7.195621567849624,86.39696534868827,42.84177969118786,4,4.213698030309757,6,74.56800686546521
4.913446047433716,74.82305761776499,67.76375790674905,9,8.323261773013728,10,96.57942930839492
3.2176182991519613,71.84253513075898,79.51496710274026,1,4.593303072372694,2,61.304371802997196
8.371920859067798,86.47541143261984,87.44522591320484,7,4.859382560679621,4,94.88194712362674
8.194742910720812,88.27564494955548,49.859058654928454,6,6.382632354161187,6,82.86550891974821
7.252268237689841,57.94540838346768,84.00019149700248,8,7.689402075843712,5,95.7134955671964
3.449306235069664,80.51125747388207,70.39888916451999,5,4.695011025995388,1,64.96319952061451
6.312076001821784,56.76770411388428,61.81045250944798,1,6.200355375332492,6,72.88514494965159
4.248765072460241,87.56875430145229,47.244326571850145,1,6.414256372050524,1,58.37599247659543
1.8242386599397074,82.84775781335698,87.59126673999017,9,5.0614282083429565,3,69.12321050103978
9.255822179160186,97.8307310541729,48.65002644988434,10,4.577791883403159,10,97.97888010295414
2.2313676782706526,53.44790081782106,57.03833225650045,6,8.182104614928198,5,57.30605807215633
9.552136184387223,52.852736057562716,55.952504257934024,10,6.512328248813827,10,95.13481092505477
5.014051956621602,64.10935373466,87.92777188049698,5,4.071906179920765,5,73.46408196325206
